FRAME, TEMP, CHAN1, CHAN2, CHAN3, CHAN4, CHAN5, CHAN6, CHAN7, CHAN8, CHAN9, CHAN10, CHAN11, CHAN12, CHAN13, CHAN14, CHAN15, CHAN16, CHAN17, CHAN18, CHAN19, CHAN20, CHAN21, CHAN22, CHAN23, CHAN24, CHAN25, CHAN26, CHAN27, CHAN28, CHAN29, CHAN30, CHAN31, CHAN32
1.000000,39.141285,-0.131206,-1.211028,-1.104300,-0.985081,-0.858069,-0.744703,-0.686522,-0.396980,-0.229259,-0.017353,0.444681,0.369901,0.302346,0.244812,0.220572,0.183340,0.157366,0.123246,0.884289,0.886964,0.885807,0.885555,0.886235,0.883507,0.886422,0.885308,0.883822,0.884250,0.888891,0.885593,0.887376,0.883483
2.000000,39.142845,-0.133897,-1.212667,-1.105039,-0.985676,-0.858065,-0.744473,-0.686610,-0.395778,-0.228918,-0.016959,0.445430,0.371053,0.302526,0.245128,0.218588,0.184174,0.157955,0.122327,0.883889,0.883435,0.885959,0.885517,0.885130,0.883484,0.885969,0.885188,0.884261,0.884218,0.886351,0.885825,0.883771,0.883270
3.000000,39.143024,-0.134954,-1.211170,-1.103412,-0.983996,-0.856291,-0.742726,-0.685076,-0.393629,-0.227817,-0.016304,0.445692,0.371538,0.302935,0.245586,0.219184,0.184720,0.158550,0.122930,0.883196,0.882916,0.885112,0.884721,0.884426,0.882699,0.885276,0.884396,0.883437,0.883455,0.885648,0.885061,0.883155,0.882624
4.000000,39.143738,-0.133987,-1.209563,-1.102228,-0.983028,-0.855629,-0.742157,-0.684501,-0.394062,-0.228633,-0.016693,0.444775,0.370665,0.302119,0.244919,0.218272,0.183923,0.157922,0.122173,0.882704,0.882394,0.884540,0.884236,0.883898,0.882142,0.884764,0.883888,0.882915,0.882783,0.885052,0.884565,0.882599,0.882161
5.000000,39.143875,-0.131866,-1.207786,-1.100935,-0.982016,-0.855225,-0.741729,-0.683936,-0.394642,-0.229060,-0.016920,0.444063,0.369961,0.301581,0.244385,0.217980,0.183441,0.157390,0.121778,0.882629,0.882284,0.884371,0.884121,0.883847,0.882001,0.884602,0.883732,0.882699,0.882731,0.885028,0.884415,0.882596,0.882018
6.000000,39.143761,-0.131797,-1.209264,-1.102531,-0.983511,-0.856800,-0.743330,-0.685247,-0.395337,-0.230025,-0.017723,0.443853,0.369571,0.301146,0.244110,0.217540,0.183034,0.156980,0.121266,0.883425,0.883097,0.885165,0.884936,0.884620,0.882810,0.885168,0.884411,0.883267,0.883569,0.885671,0.885160,0.883123,0.882758
7.000000,39.144749,-0.132959,-1.209913,-1.102828,-0.983633,-0.856691,-0.743139,-0.684993,-0.394134,-0.229507,-0.016853,0.444648,0.370196,0.301728,0.244915,0.218137,0.183678,0.157572,0.121851,0.882910,0.882800,0.884843,0.884523,0.884240,0.882389,0.884874,0.884139,0.882968,0.883206,0.885385,0.884848,0.882748,0.882427
8.000000,39.146572,-0.133750,-1.209750,-1.102447,-0.983182,-0.856269,-0.742495,-0.684651,-0.393194,-0.228885,-0.016650,0.444848,0.370333,0.301956,0.244902,0.218527,0.183854,0.157636,0.122039,0.881740,0.881644,0.883912,0.883491,0.883346,0.881441,0.883886,0.883202,0.882090,0.882211,0.884345,0.883918,0.881847,0.881492
9.000000,39.145386,-0.135013,-1.212214,-1.104748,-0.985213,-0.858237,-0.744157,-0.686606,-0.393514,-0.229985,-0.017826,0.444714,0.370289,0.301850,0.244130,0.218283,0.183269,0.157123,0.121545,0.882183,0.882248,0.884272,0.883889,0.883682,0.881822,0.884108,0.883565,0.882420,0.882573,0.884676,0.884240,0.882353,0.881838
10.000000,39.146416,-0.135075,-1.214483,-1.107149,-0.987348,-0.860133,-0.746256,-0.688500,-0.394588,-0.230988,-0.018689,0.444666,0.369897,0.301440,0.244094,0.217613,0.182693,0.156709,0.120867,0.883636,0.883553,0.885597,0.885220,0.884913,0.883116,0.885373,0.884978,0.883784,0.883917,0.886025,0.885480,0.883636,0.883224
11.000000,39.148567,-0.134840,-1.215492,-1.108225,-0.988364,-0.861054,-0.747058,-0.689230,-0.396536,-0.230819,-0.018883,0.444815,0.369639,0.301132,0.244022,0.217367,0.182558,0.156377,0.120450,0.884274,0.884136,0.886262,0.885809,0.885659,0.883748,0.886170,0.885812,0.884622,0.884735,0.886801,0.886213,0.884369,0.884032
12.000000,39.147438,-0.134385,-1.215154,-1.107542,-0.987687,-0.860231,-0.745616,-0.688183,-0.396098,-0.229592,-0.017419,0.446454,0.371481,0.303067,0.244878,0.219009,0.184140,0.157950,0.122370,0.884911,0.884649,0.886725,0.886308,0.886106,0.884204,0.886591,0.886276,0.885025,0.885067,0.887122,0.886699,0.884662,0.884381
13.000000,39.148262,-0.132485,-1.211660,-1.104373,-0.984812,-0.857560,-0.743371,-0.685814,-0.394103,-0.228324,-0.016526,0.446691,0.372021,0.303764,0.245866,0.219644,0.184907,0.159018,0.123393,0.884600,0.884175,0.886359,0.885973,0.885641,0.883837,0.886083,0.885750,0.884578,0.884475,0.886686,0.886258,0.884206,0.883917
14.000000,39.149292,-0.129670,-1.205479,-1.098870,-0.980167,-0.853599,-0.740252,-0.682495,-0.391998,-0.226944,-0.016066,0.445021,0.370514,0.302166,0.245577,0.218744,0.184380,0.158578,0.122749,0.882352,0.881987,0.884228,0.883862,0.883497,0.881806,0.883976,0.883659,0.882584,0.882425,0.884697,0.884159,0.882259,0.881900
15.000000,39.148216,-0.129438,-1.202699,-1.096132,-0.977802,-0.851556,-0.737965,-0.680565,-0.390670,-0.226145,-0.015305,0.444576,0.370285,0.302043,0.244795,0.218936,0.184450,0.158576,0.123136,0.880407,0.880025,0.882345,0.881910,0.881664,0.879985,0.882186,0.881795,0.880770,0.880539,0.882950,0.882253,0.880500,0.880056
16.000000,39.148125,-0.131764,-1.203833,-1.097274,-0.978557,-0.852514,-0.738674,-0.681509,-0.391989,-0.226778,-0.016268,0.443982,0.369839,0.301830,0.243983,0.218521,0.183702,0.158018,0.122535,0.879516,0.879179,0.881541,0.881012,0.880894,0.879188,0.881489,0.881025,0.880048,0.879771,0.882205,0.881437,0.879681,0.879212
17.000000,39.148567,-0.130389,-1.204011,-1.097794,-0.979265,-0.853373,-0.740301,-0.682654,-0.394504,-0.228041,-0.017353,0.442427,0.368231,0.300248,0.243385,0.216952,0.182375,0.156649,0.120946,0.880223,0.879998,0.882218,0.881661,0.881536,0.879898,0.882200,0.881727,0.880633,0.880387,0.882890,0.882153,0.880337,0.879819
18.000000,39.149620,-0.127133,-1.201731,-1.095874,-0.977738,-0.851880,-0.738866,-0.681040,-0.392250,-0.227116,-0.016033,0.442912,0.368666,0.300715,0.243928,0.217429,0.183330,0.157355,0.121888,0.880887,0.880513,0.882867,0.882272,0.882082,0.880450,0.882768,0.882199,0.881182,0.880825,0.883418,0.882778,0.880757,0.880283
19.000000,39.149811,-0.129001,-1.203302,-1.097364,-0.978843,-0.852942,-0.739567,-0.682021,-0.393220,-0.227602,-0.016329,0.442974,0.368712,0.300827,0.243421,0.217411,0.183221,0.157103,0.121725,0.880557,0.880214,0.882514,0.882136,0.881781,0.880149,0.882350,0.881854,0.880761,0.880614,0.883131,0.882434,0.880377,0.879998
20.000000,39.151203,-0.132870,-1.209285,-1.102627,-0.983431,-0.857011,-0.743557,-0.685825,-0.396208,-0.229442,-0.018240,0.443001,0.368572,0.300403,0.243075,0.216801,0.182303,0.156243,0.120556,0.881800,0.881479,0.883582,0.883411,0.882985,0.881327,0.883496,0.883077,0.881998,0.881912,0.884370,0.883615,0.881667,0.881413
21.000000,39.150261,-0.133149,-1.210792,-1.103749,-0.984455,-0.857536,-0.744023,-0.686096,-0.395085,-0.229051,-0.017616,0.444087,0.369630,0.301214,0.244288,0.217497,0.183077,0.157012,0.121232,0.883143,0.882769,0.884826,0.884737,0.884250,0.882538,0.884797,0.884372,0.883394,0.883234,0.885670,0.884943,0.882924,0.882759
22.000000,39.152264,-0.132169,-1.207948,-1.101052,-0.981997,-0.855167,-0.741501,-0.683729,-0.393057,-0.227608,-0.016127,0.444692,0.370511,0.302252,0.245043,0.218477,0.184278,0.158275,0.122538,0.882737,0.882216,0.884353,0.884283,0.883774,0.882016,0.884365,0.883813,0.882880,0.882719,0.885208,0.884450,0.882372,0.882200
23.000000,39.153202,-0.132671,-1.206962,-1.100277,-0.981215,-0.854606,-0.741066,-0.683192,-0.393029,-0.227737,-0.016802,0.443891,0.369849,0.301641,0.244575,0.217909,0.183830,0.157993,0.122137,0.882024,0.881450,0.883470,0.883435,0.882996,0.881338,0.883738,0.882997,0.882140,0.881931,0.884387,0.883582,0.881588,0.881481
24.000000,39.152023,-0.131922,-1.207173,-1.100569,-0.981731,-0.855062,-0.741766,-0.683679,-0.393561,-0.228690,-0.017438,0.443277,0.369012,0.300786,0.244171,0.217126,0.183147,0.157236,0.121350,0.882335,0.881830,0.883789,0.883688,0.883266,0.881799,0.884197,0.883251,0.882566,0.882242,0.884598,0.883843,0.881827,0.881819
25.000000,39.152462,-0.129392,-1.204750,-1.098142,-0.979895,-0.853250,-0.739805,-0.682003,-0.392732,-0.227270,-0.016443,0.444008,0.369709,0.301640,0.244648,0.218072,0.184077,0.158131,0.122419,0.882146,0.881698,0.883594,0.883419,0.883041,0.881620,0.884058,0.883042,0.882440,0.882013,0.884487,0.883668,0.881609,0.881558
26.000000,39.152077,-0.128922,-1.201767,-1.095477,-0.977465,-0.851139,-0.737885,-0.680356,-0.391789,-0.226589,-0.016233,0.442994,0.368916,0.301075,0.244188,0.217634,0.183647,0.157690,0.122086,0.880395,0.879950,0.881724,0.881572,0.881241,0.879715,0.882178,0.881222,0.880568,0.880252,0.882680,0.881826,0.879777,0.879622
27.000000,39.153389,-0.128111,-1.201669,-1.095946,-0.977966,-0.851864,-0.739091,-0.681057,-0.391998,-0.227792,-0.017019,0.441550,0.367396,0.299420,0.243189,0.216236,0.182247,0.156343,0.120598,0.880533,0.880067,0.881870,0.881839,0.881333,0.879719,0.882271,0.881285,0.880683,0.880503,0.882770,0.881921,0.880067,0.879667
28.000000,39.154522,-0.125747,-1.200898,-1.095188,-0.977535,-0.851568,-0.738539,-0.680210,-0.391050,-0.226832,-0.016335,0.442770,0.368455,0.300397,0.243576,0.217448,0.183186,0.157285,0.121801,0.881407,0.880823,0.882701,0.882875,0.882092,0.880536,0.883018,0.882132,0.881557,0.881377,0.883566,0.882719,0.880936,0.880503
29.000000,39.154320,-0.125921,-1.199865,-1.094067,-0.976333,-0.850500,-0.737340,-0.679167,-0.389861,-0.226591,-0.015919,0.443478,0.369043,0.301138,0.243863,0.218202,0.183896,0.157932,0.122644,0.880873,0.880254,0.882138,0.882323,0.881500,0.879966,0.882272,0.881568,0.881036,0.880769,0.882923,0.882098,0.880217,0.879894
30.000000,39.153862,-0.128803,-1.202052,-1.096091,-0.977781,-0.851815,-0.738564,-0.680505,-0.391836,-0.227670,-0.016414,0.443376,0.368863,0.301120,0.243588,0.217696,0.183486,0.157562,0.122252,0.880547,0.879963,0.881858,0.881948,0.881201,0.879661,0.881909,0.881282,0.880644,0.880454,0.882553,0.881735,0.879789,0.879623
31.000000,39.153748,-0.131476,-1.205167,-1.098938,-0.980143,-0.853993,-0.740796,-0.682694,-0.393182,-0.228093,-0.017349,0.443029,0.368497,0.300693,0.243369,0.216908,0.182723,0.156901,0.121340,0.880929,0.880358,0.882219,0.882399,0.881632,0.880170,0.882352,0.881742,0.881016,0.880887,0.882973,0.882155,0.880302,0.880086
32.000000,39.153458,-0.130734,-1.205158,-1.098803,-0.980139,-0.853917,-0.740812,-0.682648,-0.391751,-0.227653,-0.017054,0.443209,0.368643,0.300697,0.243726,0.216988,0.182871,0.156948,0.121457,0.881020,0.880534,0.882444,0.882671,0.881872,0.880399,0.882618,0.882053,0.881305,0.881229,0.883343,0.882544,0.880668,0.880414
33.000000,39.155670,-0.127943,-1.201712,-1.095714,-0.977491,-0.851551,-0.738560,-0.680631,-0.390290,-0.227031,-0.016766,0.443117,0.368622,0.300843,0.243869,0.217218,0.183184,0.157387,0.122146,0.880168,0.879838,0.881747,0.881844,0.881055,0.879617,0.881880,0.881334,0.880548,0.880466,0.882626,0.881889,0.880014,0.879706
34.000000,39.154713,-0.125965,-1.197427,-1.091700,-0.973930,-0.848326,-0.735726,-0.677899,-0.388990,-0.225535,-0.016359,0.442762,0.368385,0.300750,0.244142,0.217227,0.183579,0.157960,0.122521,0.878892,0.878743,0.880542,0.880442,0.879705,0.878448,0.880559,0.879977,0.879212,0.879068,0.881246,0.880499,0.878677,0.878329
35.000000,39.155540,-0.127178,-1.195403,-1.089839,-0.972029,-0.846768,-0.734509,-0.676700,-0.389224,-0.225360,-0.015979,0.441546,0.367484,0.299985,0.243781,0.216551,0.182973,0.157403,0.121878,0.877093,0.876883,0.878684,0.878578,0.877941,0.876514,0.878738,0.877965,0.877303,0.877230,0.879407,0.878516,0.876696,0.876400
36.000000,39.155815,-0.128217,-1.197215,-1.091738,-0.973741,-0.848348,-0.736191,-0.678295,-0.391433,-0.227019,-0.016890,0.440490,0.366387,0.298867,0.242711,0.215446,0.181807,0.156025,0.120543,0.877286,0.876792,0.878720,0.878698,0.878105,0.876493,0.878910,0.877962,0.877433,0.877387,0.879533,0.878671,0.876783,0.876461
37.000000,39.155937,-0.129517,-1.202546,-1.096563,-0.978121,-0.852043,-0.739303,-0.681574,-0.393129,-0.228274,-0.017740,0.441602,0.367189,0.299507,0.242642,0.215690,0.181879,0.155885,0.120480,0.879409,0.878922,0.880705,0.880664,0.880148,0.878538,0.880710,0.879914,0.879392,0.879267,0.881530,0.880667,0.878752,0.878326
38.000000,39.154926,-0.131480,-1.207124,-1.100679,-0.981686,-0.855359,-0.742317,-0.684445,-0.396007,-0.229534,-0.018616,0.442299,0.367778,0.299790,0.242752,0.215723,0.181626,0.155788,0.120305,0.880861,0.880311,0.882090,0.882138,0.881684,0.879954,0.882112,0.881448,0.880841,0.880764,0.882933,0.882153,0.880118,0.879711
39.000000,39.156860,-0.130667,-1.208067,-1.101254,-0.982286,-0.855838,-0.742589,-0.684348,-0.395519,-0.228820,-0.017923,0.443564,0.369070,0.300748,0.243628,0.216759,0.182710,0.156822,0.121276,0.882187,0.881540,0.883380,0.883493,0.883035,0.881318,0.883509,0.882914,0.882162,0.882241,0.884292,0.883592,0.881517,0.881125
40.000000,39.156971,-0.131564,-1.208682,-1.101727,-0.982613,-0.855927,-0.742389,-0.684756,-0.392862,-0.229091,-0.017599,0.443916,0.369739,0.301409,0.243907,0.217247,0.183160,0.157449,0.121715,0.882670,0.881947,0.883864,0.883775,0.883434,0.881666,0.883711,0.883219,0.882463,0.882427,0.884601,0.883889,0.881755,0.881420
41.000000,39.156223,-0.132340,-1.207233,-1.100426,-0.981535,-0.854772,-0.741881,-0.684299,-0.392586,-0.229433,-0.017560,0.442858,0.368947,0.300686,0.243964,0.216772,0.182704,0.156961,0.120976,0.881924,0.881128,0.882916,0.882780,0.882562,0.880698,0.882894,0.882272,0.881496,0.881496,0.883747,0.882996,0.880806,0.880480
42.000000,39.157326,-0.131283,-1.205323,-1.098601,-0.980081,-0.853286,-0.740301,-0.682658,-0.392683,-0.227847,-0.016788,0.443147,0.369388,0.301124,0.244160,0.217465,0.183408,0.157565,0.121511,0.881452,0.880732,0.882424,0.882392,0.882142,0.880284,0.882680,0.881879,0.881099,0.881256,0.883478,0.882585,0.880414,0.880055
43.000000,39.155857,-0.131523,-1.204710,-1.098060,-0.979219,-0.852398,-0.739063,-0.681846,-0.391787,-0.226688,-0.016202,0.443785,0.370240,0.302101,0.244292,0.218271,0.183933,0.158274,0.122239,0.881061,0.880457,0.882234,0.882099,0.881925,0.879918,0.882428,0.881645,0.880958,0.881000,0.883319,0.882239,0.880220,0.879750
44.000000,39.157551,-0.130788,-1.201482,-1.095228,-0.976515,-0.850016,-0.737439,-0.680316,-0.389973,-0.226508,-0.016478,0.442571,0.369303,0.301146,0.244403,0.217462,0.183380,0.157778,0.121847,0.879922,0.879432,0.881134,0.880992,0.880821,0.878801,0.881198,0.880510,0.879722,0.879773,0.882134,0.881060,0.879064,0.878592
45.000000,39.157555,-0.129999,-1.200057,-1.094125,-0.975745,-0.849800,-0.737558,-0.680329,-0.390976,-0.227270,-0.017335,0.441029,0.367735,0.299670,0.243166,0.216121,0.182307,0.156556,0.120747,0.879341,0.878711,0.880514,0.880369,0.880280,0.878193,0.880625,0.879870,0.879017,0.879145,0.881442,0.880412,0.878336,0.877960
46.000000,39.157848,-0.131833,-1.203186,-1.096845,-0.978047,-0.851776,-0.739371,-0.681995,-0.391667,-0.228235,-0.017453,0.441392,0.367921,0.299819,0.243012,0.216154,0.182252,0.156416,0.120668,0.880396,0.879517,0.881398,0.881342,0.881229,0.879159,0.881617,0.880817,0.879934,0.880147,0.882386,0.881401,0.879291,0.878901
47.000000,39.156998,-0.133561,-1.207060,-1.100226,-0.980912,-0.854136,-0.741137,-0.683896,-0.392474,-0.229109,-0.017727,0.442371,0.368807,0.300646,0.243539,0.216688,0.182611,0.156752,0.120965,0.881671,0.880879,0.882682,0.882809,0.882500,0.880580,0.883141,0.882202,0.881387,0.881602,0.883868,0.882963,0.880764,0.880389
48.000000,39.159046,-0.134420,-1.210377,-1.103250,-0.983810,-0.856832,-0.743497,-0.686021,-0.394999,-0.230098,-0.018196,0.442858,0.369007,0.300795,0.243374,0.216636,0.182319,0.156506,0.120603,0.882851,0.882212,0.884075,0.884219,0.883757,0.881982,0.884568,0.883575,0.882822,0.882915,0.885257,0.884376,0.882162,0.881812
49.000000,39.158741,-0.134785,-1.212174,-1.104825,-0.985402,-0.858027,-0.744878,-0.687159,-0.395770,-0.230192,-0.018412,0.443460,0.369401,0.300978,0.243727,0.216843,0.182393,0.156636,0.120621,0.883634,0.883023,0.884974,0.884963,0.884481,0.882916,0.885397,0.884450,0.883739,0.883783,0.886043,0.885160,0.883030,0.882601
50.000000,39.159595,-0.131940,-1.210899,-1.103456,-0.984516,-0.857155,-0.743361,-0.685946,-0.394895,-0.228411,-0.017370,0.444695,0.370560,0.302155,0.244481,0.218168,0.183678,0.157819,0.122060,0.883970,0.883550,0.885322,0.885401,0.884795,0.883379,0.885876,0.884921,0.884127,0.884323,0.886371,0.885516,0.883416,0.883011
51.000000,39.159027,-0.128783,-1.206174,-1.099268,-0.980900,-0.854194,-0.740327,-0.683075,-0.393533,-0.227078,-0.016800,0.444191,0.370342,0.302092,0.244748,0.218306,0.184017,0.158378,0.122579,0.883027,0.882649,0.884341,0.884365,0.883754,0.882305,0.884802,0.883955,0.883018,0.883296,0.885416,0.884400,0.882452,0.881952
52.000000,39.158142,-0.127080,-1.200746,-1.094432,-0.976501,-0.850276,-0.737283,-0.679981,-0.390808,-0.226194,-0.016149,0.442772,0.369130,0.301129,0.244442,0.217673,0.183632,0.157980,0.122234,0.880806,0.880332,0.882090,0.881994,0.881368,0.879946,0.882293,0.881680,0.880638,0.880993,0.883325,0.882142,0.880225,0.879662
53.000000,39.158691,-0.127139,-1.198933,-1.092754,-0.974837,-0.848707,-0.735898,-0.678835,-0.389383,-0.225581,-0.015641,0.442493,0.368849,0.301023,0.244328,0.217761,0.183652,0.157906,0.122527,0.879798,0.879236,0.880908,0.880825,0.880188,0.878682,0.880952,0.880493,0.879358,0.879759,0.882178,0.880948,0.879033,0.878591
54.000000,39.158913,-0.128546,-1.197541,-1.091231,-0.973220,-0.847042,-0.734222,-0.677402,-0.388899,-0.224246,-0.015248,0.442854,0.369367,0.301661,0.244622,0.218501,0.184113,0.158554,0.123297,0.878530,0.877950,0.879602,0.879429,0.879029,0.877307,0.879801,0.879188,0.878174,0.878341,0.880767,0.879578,0.877809,0.877307
55.000000,39.159710,-0.131226,-1.200453,-1.094113,-0.975755,-0.849480,-0.737126,-0.680026,-0.390887,-0.226867,-0.017120,0.441346,0.367693,0.299906,0.243027,0.216719,0.182279,0.156771,0.121257,0.878240,0.877825,0.879565,0.879422,0.878925,0.877456,0.879903,0.879087,0.878270,0.878252,0.880708,0.879545,0.877834,0.877303
56.000000,39.159546,-0.133544,-1.207824,-1.101329,-0.982190,-0.855791,-0.743039,-0.685830,-0.395019,-0.230581,-0.019787,0.440880,0.366830,0.298786,0.241921,0.215137,0.180714,0.155058,0.119132,0.880924,0.880413,0.882365,0.882219,0.881693,0.880327,0.882602,0.881785,0.881068,0.880996,0.883407,0.882358,0.880425,0.880045
57.000000,39.162212,-0.132247,-1.210722,-1.103847,-0.984734,-0.857970,-0.744648,-0.687214,-0.395624,-0.230704,-0.019480,0.442811,0.368429,0.300226,0.243255,0.216430,0.181963,0.156064,0.120166,0.882891,0.882329,0.884259,0.884174,0.883778,0.882224,0.884594,0.883770,0.883036,0.882887,0.885343,0.884383,0.882346,0.881905
58.000000,39.160404,-0.131717,-1.212008,-1.105005,-0.986008,-0.858772,-0.745436,-0.687804,-0.395570,-0.230673,-0.019470,0.443536,0.368958,0.300708,0.243914,0.216787,0.182347,0.156605,0.120507,0.883489,0.882911,0.884800,0.884782,0.884463,0.882867,0.885267,0.884415,0.883630,0.883510,0.885974,0.885067,0.883047,0.882535
59.000000,39.161659,-0.131445,-1.211849,-1.104550,-0.985636,-0.858247,-0.744459,-0.686825,-0.395350,-0.229157,-0.018167,0.444992,0.370432,0.302245,0.244807,0.218273,0.183591,0.158057,0.121920,0.883635,0.883160,0.884884,0.885070,0.884723,0.883084,0.885444,0.884589,0.883753,0.883871,0.886280,0.885329,0.883416,0.882759
60.000000,39.160744,-0.131808,-1.210505,-1.103365,-0.984385,-0.857205,-0.743498,-0.685777,-0.395023,-0.229128,-0.017457,0.444910,0.370535,0.302427,0.244802,0.218566,0.183667,0.158262,0.122248,0.882798,0.882427,0.884004,0.884355,0.883897,0.882136,0.884470,0.883832,0.882783,0.883197,0.885495,0.884451,0.882521,0.881940
61.000000,39.161263,-0.133863,-1.211363,-1.104444,-0.985048,-0.857787,-0.744454,-0.686762,-0.394820,-0.230197,-0.018251,0.443772,0.369441,0.301366,0.244203,0.217506,0.182642,0.157274,0.121172,0.882394,0.881922,0.883552,0.883980,0.883412,0.881608,0.884059,0.883443,0.882375,0.882779,0.885028,0.883929,0.882120,0.881542
62.000000,39.161617,-0.134047,-1.212423,-1.105304,-0.985825,-0.858594,-0.745090,-0.687395,-0.394161,-0.230299,-0.018611,0.443899,0.369321,0.301323,0.244300,0.217444,0.182622,0.157096,0.120963,0.882619,0.882115,0.883778,0.884256,0.883542,0.881938,0.884384,0.883642,0.882745,0.882965,0.885230,0.884145,0.882401,0.881781
63.000000,39.163132,-0.133761,-1.213800,-1.106395,-0.986874,-0.859572,-0.745614,-0.687952,-0.395168,-0.230415,-0.018618,0.444763,0.370139,0.302083,0.244333,0.218095,0.183118,0.157627,0.121451,0.883121,0.882562,0.884330,0.884852,0.884001,0.882586,0.884946,0.884162,0.883337,0.883511,0.885745,0.884721,0.882824,0.882260
64.000000,39.163315,-0.134130,-1.214388,-1.107015,-0.987422,-0.860060,-0.746312,-0.688664,-0.396559,-0.231101,-0.018791,0.444127,0.369734,0.301505,0.243851,0.217551,0.182664,0.157121,0.120756,0.882893,0.882199,0.884158,0.884659,0.883771,0.882294,0.884669,0.883958,0.883055,0.883314,0.885571,0.884483,0.882585,0.882083
65.000000,39.163033,-0.133222,-1.211908,-1.104740,-0.985277,-0.857990,-0.744685,-0.687163,-0.394820,-0.230324,-0.017855,0.443790,0.369688,0.301222,0.244534,0.217495,0.182944,0.157374,0.120977,0.882106,0.881438,0.883434,0.883883,0.883013,0.881555,0.883807,0.883163,0.882178,0.882525,0.884805,0.883603,0.881824,0.881370
66.000000,39.163456,-0.131633,-1.209622,-1.102636,-0.983526,-0.856253,-0.742775,-0.685256,-0.392444,-0.229400,-0.017113,0.444346,0.370403,0.301787,0.244878,0.218157,0.183706,0.158184,0.122013,0.881954,0.881425,0.883350,0.883648,0.883001,0.881576,0.883778,0.883058,0.882273,0.882394,0.884761,0.883505,0.881757,0.881344
67.000000,39.163368,-0.130735,-1.207971,-1.101237,-0.982367,-0.855267,-0.741748,-0.684369,-0.391608,-0.228799,-0.016783,0.444171,0.370170,0.301679,0.244716,0.218062,0.183673,0.158172,0.122065,0.881608,0.881268,0.883095,0.883261,0.882895,0.881344,0.883608,0.882862,0.882130,0.882183,0.884507,0.883357,0.881534,0.881125
68.000000,39.164055,-0.129404,-1.204653,-1.098096,-0.979612,-0.852670,-0.739264,-0.682146,-0.390943,-0.227391,-0.015710,0.444465,0.370367,0.302268,0.245114,0.218798,0.184351,0.158996,0.123121,0.880591,0.880278,0.882111,0.882345,0.881960,0.880393,0.882576,0.881994,0.881020,0.881236,0.883465,0.882344,0.880444,0.880072
69.000000,39.166470,-0.128919,-1.201002,-1.094910,-0.976667,-0.850164,-0.737105,-0.680002,-0.390116,-0.226643,-0.016065,0.443492,0.369466,0.301785,0.244466,0.218454,0.184021,0.158689,0.123092,0.879030,0.878615,0.880504,0.880780,0.880250,0.878809,0.880843,0.880408,0.879416,0.879540,0.881846,0.880608,0.878742,0.878425
70.000000,39.166283,-0.130860,-1.202761,-1.096617,-0.978233,-0.851706,-0.738816,-0.681599,-0.391506,-0.227450,-0.017280,0.442508,0.368411,0.300672,0.243769,0.217166,0.182962,0.157407,0.121636,0.879235,0.878754,0.880689,0.880833,0.880350,0.878888,0.880991,0.880495,0.879535,0.879497,0.882023,0.880656,0.878815,0.878608
71.000000,39.165054,-0.132144,-1.205377,-1.098837,-0.980060,-0.853180,-0.739954,-0.682716,-0.392344,-0.227835,-0.016695,0.443744,0.369640,0.301785,0.244340,0.217950,0.183629,0.158096,0.122303,0.880320,0.879805,0.881716,0.881873,0.881389,0.879869,0.882038,0.881519,0.880433,0.880489,0.883161,0.881674,0.879806,0.879707
72.000000,39.167385,-0.131645,-1.203877,-1.097448,-0.978516,-0.851801,-0.738887,-0.681400,-0.391296,-0.226889,-0.016172,0.444015,0.369971,0.302059,0.244896,0.218271,0.184012,0.158559,0.122736,0.879897,0.879430,0.881329,0.881559,0.881061,0.879393,0.881653,0.881018,0.880052,0.880166,0.882773,0.881395,0.879516,0.879286
73.000000,39.167339,-0.131547,-1.202371,-1.096149,-0.977410,-0.851008,-0.738260,-0.680737,-0.391264,-0.226866,-0.016440,0.442970,0.368912,0.300921,0.244282,0.217429,0.183414,0.157750,0.122026,0.878850,0.878479,0.880315,0.880545,0.879898,0.878265,0.880571,0.879900,0.879107,0.879117,0.881594,0.880396,0.878587,0.878130
74.000000,39.167259,-0.131560,-1.203059,-1.097085,-0.978363,-0.852015,-0.739263,-0.681760,-0.392095,-0.227812,-0.017354,0.442014,0.367887,0.299918,0.243314,0.216409,0.182387,0.156722,0.120959,0.878898,0.878414,0.880309,0.880484,0.879734,0.878169,0.880494,0.879910,0.879110,0.878964,0.881504,0.880243,0.878626,0.877961
75.000000,39.166950,-0.132249,-1.206525,-1.100092,-0.981230,-0.854452,-0.741279,-0.683797,-0.393437,-0.228636,-0.018045,0.442713,0.368504,0.300294,0.243403,0.216498,0.182564,0.156665,0.120919,0.880407,0.879653,0.881710,0.881927,0.881173,0.879658,0.881968,0.881242,0.880437,0.880271,0.882869,0.881585,0.880012,0.879320
76.000000,39.167931,-0.133838,-1.210205,-1.103166,-0.983969,-0.856866,-0.743063,-0.685954,-0.394589,-0.229772,-0.018370,0.443610,0.369527,0.301204,0.243701,0.217021,0.182844,0.156926,0.121146,0.881624,0.880868,0.882882,0.883212,0.882468,0.880923,0.883223,0.882419,0.881627,0.881542,0.884098,0.882810,0.881197,0.880595
77.000000,39.168785,-0.135117,-1.212570,-1.105445,-0.985871,-0.858752,-0.745197,-0.687878,-0.396074,-0.231186,-0.019350,0.443068,0.369001,0.300628,0.243376,0.216179,0.181850,0.156291,0.120091,0.882555,0.881882,0.883900,0.884183,0.883585,0.881808,0.884038,0.883401,0.882578,0.882451,0.885062,0.883717,0.882061,0.881524
78.000000,39.169601,-0.134825,-1.212392,-1.104992,-0.985449,-0.858012,-0.744489,-0.687013,-0.395628,-0.230003,-0.018225,0.444059,0.369950,0.301467,0.244121,0.217088,0.183003,0.157139,0.120991,0.883113,0.882403,0.884464,0.884663,0.884138,0.882333,0.884549,0.884029,0.883118,0.882904,0.885541,0.884214,0.882596,0.882048
79.000000,39.171707,-0.133820,-1.212461,-1.105025,-0.985552,-0.858046,-0.743931,-0.686776,-0.393975,-0.229143,-0.017376,0.445178,0.371079,0.302646,0.244565,0.218162,0.184004,0.158086,0.122073,0.883865,0.883176,0.885074,0.885369,0.884707,0.883062,0.885259,0.884791,0.883761,0.883561,0.886142,0.884967,0.883259,0.882724
80.000000,39.169907,-0.134507,-1.214497,-1.107180,-0.987427,-0.860087,-0.746003,-0.688574,-0.395269,-0.230886,-0.019076,0.444487,0.370262,0.301782,0.243905,0.217161,0.182700,0.157077,0.120985,0.884550,0.883842,0.885731,0.886004,0.885373,0.883786,0.885823,0.885332,0.884270,0.884172,0.886739,0.885654,0.883799,0.883412
81.000000,39.171452,-0.134358,-1.214339,-1.107155,-0.987244,-0.859813,-0.746089,-0.688400,-0.397303,-0.230590,-0.019083,0.444493,0.370157,0.301696,0.244285,0.217064,0.182689,0.156957,0.120869,0.884496,0.883789,0.885736,0.885957,0.885470,0.883826,0.885686,0.885321,0.884121,0.884193,0.886673,0.885628,0.883728,0.883449
82.000000,39.171623,-0.133414,-1.211189,-1.104086,-0.984444,-0.856928,-0.743626,-0.686098,-0.395137,-0.229124,-0.017211,0.445041,0.370870,0.302511,0.245269,0.218088,0.183858,0.157966,0.122125,0.883435,0.882823,0.884659,0.884791,0.884493,0.882834,0.884695,0.884389,0.883169,0.883272,0.885709,0.884616,0.882748,0.882426
83.000000,39.172379,-0.131885,-1.206259,-1.099224,-0.980278,-0.852965,-0.739608,-0.682473,-0.389526,-0.226473,-0.015313,0.445415,0.371424,0.303328,0.245631,0.219231,0.185065,0.159004,0.123483,0.881745,0.881140,0.882918,0.882961,0.882901,0.881114,0.883015,0.882672,0.881636,0.881695,0.884113,0.882953,0.880989,0.880816
84.000000,39.172115,-0.130906,-1.203820,-1.097518,-0.978818,-0.851995,-0.738928,-0.681910,-0.390493,-0.226540,-0.016786,0.443365,0.369475,0.301643,0.244159,0.217682,0.183716,0.157571,0.122013,0.880461,0.879878,0.881552,0.881647,0.881621,0.879818,0.881866,0.881379,0.880521,0.880545,0.883021,0.881674,0.879871,0.879624
85.000000,39.172314,-0.130304,-1.204801,-1.098888,-0.980048,-0.853536,-0.740739,-0.683289,-0.393729,-0.228759,-0.018347,0.442178,0.368181,0.300408,0.243045,0.216381,0.182524,0.156428,0.120797,0.880736,0.880003,0.881748,0.881879,0.881702,0.880111,0.882154,0.881625,0.880693,0.880716,0.883264,0.881872,0.880104,0.879780
86.000000,39.175396,-0.130231,-1.206668,-1.100216,-0.981235,-0.854475,-0.740991,-0.683720,-0.392133,-0.228209,-0.017166,0.444088,0.369888,0.302067,0.243882,0.217754,0.183651,0.157710,0.122158,0.881637,0.880967,0.882761,0.882779,0.882685,0.880957,0.883088,0.882623,0.881576,0.881600,0.884200,0.882782,0.881155,0.880724
87.000000,39.174549,-0.131299,-1.206110,-1.099652,-0.980481,-0.853733,-0.740728,-0.683572,-0.392522,-0.227841,-0.017420,0.443336,0.369132,0.301203,0.243886,0.216982,0.182875,0.157096,0.121394,0.881285,0.880730,0.882328,0.882523,0.882268,0.880461,0.882553,0.882109,0.881056,0.881262,0.883732,0.882284,0.880678,0.880303
88.000000,39.175056,-0.131723,-1.205777,-1.099385,-0.980219,-0.853686,-0.741187,-0.683414,-0.394396,-0.228586,-0.017726,0.442149,0.367972,0.299902,0.243304,0.216057,0.182130,0.156136,0.120296,0.881377,0.880802,0.882258,0.882669,0.882132,0.880540,0.882527,0.881983,0.880966,0.881331,0.883681,0.882338,0.880504,0.880266
89.000000,39.176311,-0.129349,-1.204838,-1.098395,-0.979753,-0.853097,-0.740220,-0.682362,-0.392952,-0.227985,-0.016821,0.443262,0.369017,0.300881,0.243975,0.217175,0.183332,0.157265,0.121526,0.882071,0.881546,0.883057,0.883385,0.882764,0.881303,0.883358,0.882796,0.881816,0.882106,0.884406,0.883200,0.881315,0.881009
90.000000,39.175735,-0.129095,-1.203604,-1.096848,-0.978444,-0.851543,-0.738145,-0.680963,-0.390514,-0.226762,-0.016159,0.444454,0.370354,0.302496,0.244635,0.218527,0.184603,0.158745,0.123276,0.881489,0.881005,0.882474,0.882662,0.882104,0.880691,0.882711,0.882232,0.881162,0.881481,0.883807,0.882552,0.880740,0.880339
91.000000,39.176441,-0.131948,-1.204923,-1.098152,-0.979229,-0.852547,-0.739426,-0.682174,-0.391707,-0.227842,-0.017548,0.443213,0.369264,0.301623,0.243676,0.217388,0.183343,0.157745,0.122132,0.881004,0.880488,0.882108,0.882304,0.881609,0.880312,0.882277,0.881744,0.880663,0.881003,0.883398,0.882089,0.880242,0.879848
92.000000,39.176662,-0.134953,-1.207657,-1.100889,-0.981286,-0.854446,-0.741639,-0.684475,-0.394389,-0.229198,-0.018953,0.442323,0.368389,0.300669,0.243260,0.216276,0.181949,0.156549,0.120645,0.881416,0.880895,0.882608,0.882987,0.882032,0.880741,0.882752,0.882239,0.881108,0.881401,0.883748,0.882511,0.880561,0.880205
93.000000,39.177769,-0.135396,-1.208144,-1.101134,-0.981684,-0.854447,-0.741989,-0.684544,-0.393970,-0.228811,-0.018476,0.442538,0.368468,0.300577,0.244090,0.216312,0.182106,0.156463,0.120454,0.881494,0.881038,0.882722,0.883161,0.882204,0.880841,0.882937,0.882330,0.881207,0.881508,0.883843,0.882604,0.880737,0.880319
94.000000,39.178276,-0.133012,-1.205497,-1.098486,-0.979667,-0.852502,-0.739826,-0.682126,-0.391366,-0.226775,-0.016272,0.443722,0.369504,0.301660,0.244960,0.217672,0.183637,0.157857,0.121919,0.881135,0.880878,0.882347,0.882569,0.881651,0.880297,0.882449,0.881678,0.880677,0.880907,0.883380,0.882030,0.880239,0.879875
95.000000,39.179802,-0.134175,-1.207168,-1.100206,-0.981198,-0.854016,-0.740698,-0.683538,-0.392185,-0.227749,-0.017072,0.443743,0.369397,0.301575,0.243976,0.217352,0.183161,0.157599,0.121708,0.881022,0.880867,0.882465,0.882439,0.881638,0.880348,0.882447,0.881580,0.880671,0.880836,0.883323,0.882007,0.880048,0.879962
96.000000,39.179661,-0.135005,-1.209744,-1.102567,-0.983328,-0.856059,-0.742644,-0.685293,-0.394329,-0.228539,-0.018118,0.443893,0.369550,0.301394,0.243993,0.217239,0.182834,0.157258,0.121428,0.881904,0.881851,0.883611,0.883625,0.883038,0.881700,0.883784,0.882802,0.882020,0.882213,0.884664,0.883362,0.881488,0.881239
97.000000,39.179890,-0.134163,-1.209493,-1.102180,-0.982860,-0.855730,-0.742185,-0.684649,-0.394631,-0.228006,-0.017336,0.444608,0.370391,0.302116,0.244596,0.218072,0.183560,0.157827,0.122161,0.882050,0.881976,0.883617,0.883808,0.883113,0.881813,0.883856,0.883057,0.882197,0.882306,0.884803,0.883516,0.881769,0.881290
98.000000,39.181648,-0.134131,-1.207927,-1.100876,-0.981475,-0.854534,-0.741432,-0.683687,-0.393431,-0.228115,-0.017367,0.443851,0.369660,0.301578,0.244644,0.217496,0.183173,0.157461,0.121611,0.880812,0.880684,0.882339,0.882446,0.881764,0.880455,0.882518,0.881800,0.880912,0.880852,0.883516,0.882160,0.880561,0.879949
99.000000,39.182297,-0.133713,-1.206010,-1.098839,-0.979735,-0.852806,-0.739308,-0.682159,-0.391869,-0.226706,-0.016471,0.444182,0.369991,0.302271,0.244919,0.218169,0.183890,0.158155,0.122451,0.879664,0.879608,0.881090,0.881141,0.880676,0.879212,0.881241,0.880519,0.879625,0.879572,0.882162,0.880837,0.879261,0.878684
100.000000,39.181431,-0.133926,-1.206485,-1.099351,-0.980287,-0.853424,-0.739691,-0.682990,-0.391828,-0.227426,-0.017471,0.443397,0.369221,0.301638,0.244189,0.217471,0.183218,0.157440,0.121713,0.879481,0.879495,0.880888,0.880911,0.880573,0.879006,0.880958,0.880344,0.879401,0.879459,0.881919,0.880689,0.879027,0.878513
101.000000,39.181908,-0.133611,-1.207640,-1.100904,-0.981700,-0.854704,-0.741518,-0.684534,-0.393037,-0.228747,-0.018454,0.442609,0.368399,0.300657,0.243974,0.216415,0.182471,0.156552,0.120602,0.880490,0.880484,0.882045,0.881988,0.881463,0.879942,0.881838,0.881320,0.880450,0.880466,0.883015,0.881744,0.880071,0.879414
102.000000,39.182629,-0.133077,-1.209008,-1.102339,-0.983123,-0.855995,-0.742670,-0.685475,-0.394714,-0.229087,-0.018019,0.443206,0.368901,0.301041,0.243844,0.216809,0.182839,0.156783,0.120844,0.881794,0.881651,0.883407,0.883293,0.882603,0.881055,0.883212,0.882487,0.881808,0.881703,0.884349,0.882981,0.881393,0.880608
103.000000,39.182159,-0.133684,-1.211496,-1.104474,-0.985108,-0.857874,-0.744036,-0.686715,-0.394887,-0.229662,-0.018239,0.444189,0.369753,0.301792,0.243768,0.217482,0.183130,0.157168,0.121293,0.882951,0.882837,0.884651,0.884553,0.883864,0.882261,0.884590,0.883788,0.882975,0.882965,0.885581,0.884269,0.882721,0.881889
104.000000,39.183620,-0.133024,-1.212141,-1.105071,-0.985711,-0.858548,-0.744787,-0.687221,-0.395821,-0.230335,-0.018671,0.444269,0.369769,0.301745,0.243976,0.217329,0.183001,0.157139,0.121195,0.883600,0.883596,0.885338,0.885194,0.884587,0.883036,0.885379,0.884711,0.883696,0.883679,0.886363,0.885093,0.883595,0.882717
105.000000,39.182060,-0.130885,-1.210060,-1.103240,-0.984231,-0.857325,-0.743618,-0.685860,-0.396025,-0.229805,-0.017773,0.444321,0.369835,0.301836,0.244307,0.217550,0.183383,0.157458,0.121548,0.883398,0.883263,0.885065,0.884836,0.884230,0.882846,0.885070,0.884468,0.883520,0.883403,0.886085,0.884811,0.883148,0.882455
106.000000,39.183125,-0.130043,-1.207635,-1.101094,-0.982212,-0.855542,-0.741686,-0.684291,-0.394947,-0.229192,-0.016838,0.444263,0.369852,0.302086,0.244027,0.217897,0.183578,0.157744,0.121983,0.882347,0.882088,0.883916,0.883517,0.882902,0.881713,0.883933,0.883292,0.882421,0.882249,0.885014,0.883600,0.881958,0.881272
107.000000,39.183125,-0.131203,-1.208401,-1.101867,-0.982719,-0.856102,-0.742534,-0.684898,-0.395518,-0.229803,-0.017736,0.443573,0.369192,0.301322,0.243508,0.217097,0.182822,0.157103,0.121332,0.882032,0.881661,0.883547,0.883127,0.882545,0.881435,0.883642,0.882980,0.882065,0.881979,0.884629,0.883390,0.881731,0.881051
108.000000,39.184219,-0.131805,-1.209561,-1.102935,-0.983622,-0.857032,-0.743420,-0.685593,-0.395885,-0.229380,-0.017857,0.443871,0.369447,0.301487,0.243800,0.217227,0.182832,0.157099,0.121331,0.882217,0.881792,0.883699,0.883461,0.882906,0.881620,0.883875,0.883200,0.882297,0.882230,0.884827,0.883685,0.882125,0.881399
109.000000,39.183868,-0.129745,-1.205147,-1.098775,-0.979771,-0.853258,-0.739744,-0.682182,-0.392529,-0.226478,-0.016300,0.445008,0.370700,0.302907,0.245274,0.218832,0.184450,0.158977,0.123206,0.881128,0.880855,0.882777,0.882561,0.882078,0.880663,0.882907,0.882189,0.881371,0.881267,0.883823,0.882730,0.881096,0.880519
110.000000,39.183475,-0.128002,-1.198410,-1.092995,-0.974563,-0.848605,-0.735874,-0.678559,-0.389420,-0.225288,-0.016491,0.443033,0.368968,0.301518,0.244653,0.217968,0.183757,0.158560,0.122829,0.878286,0.877913,0.879900,0.879737,0.879149,0.877764,0.879990,0.879352,0.878481,0.878401,0.880852,0.879857,0.878059,0.877542
111.000000,39.184608,-0.127339,-1.198029,-1.093257,-0.974996,-0.849560,-0.736974,-0.679577,-0.390909,-0.227235,-0.018041,0.440648,0.366501,0.299224,0.242632,0.215894,0.181683,0.156210,0.120569,0.877586,0.877289,0.879253,0.879099,0.878426,0.877168,0.879276,0.878831,0.877796,0.877825,0.880209,0.879241,0.877512,0.876911
112.000000,39.184952,-0.127762,-1.202395,-1.097225,-0.978666,-0.852873,-0.739906,-0.682376,-0.394285,-0.228957,-0.018349,0.441311,0.366985,0.299428,0.242623,0.215897,0.181619,0.155882,0.120202,0.879668,0.879560,0.881499,0.881218,0.880799,0.879429,0.881425,0.881071,0.879959,0.880055,0.882455,0.881522,0.879815,0.879180
113.000000,39.184761,-0.130935,-1.207097,-1.101262,-0.982028,-0.855548,-0.742297,-0.685066,-0.395751,-0.230011,-0.018601,0.442373,0.368089,0.300272,0.243176,0.216336,0.181843,0.156202,0.120464,0.881078,0.880922,0.882895,0.882659,0.882246,0.880798,0.882787,0.882481,0.881349,0.881409,0.883836,0.882921,0.881168,0.880563
114.000000,39.185097,-0.132852,-1.210970,-1.104607,-0.985007,-0.857824,-0.744195,-0.686880,-0.395478,-0.230430,-0.018237,0.443651,0.369214,0.301200,0.243658,0.216919,0.182525,0.156660,0.120867,0.882460,0.882071,0.884181,0.883918,0.883492,0.882076,0.884124,0.883742,0.882739,0.882663,0.885139,0.884192,0.882341,0.881892
115.000000,39.185875,-0.132362,-1.210343,-1.103869,-0.984467,-0.856937,-0.743436,-0.685893,-0.394140,-0.229716,-0.017581,0.444506,0.370057,0.302055,0.244629,0.217688,0.183557,0.157597,0.121709,0.882691,0.882144,0.884218,0.884067,0.883671,0.882063,0.884199,0.883783,0.882849,0.882717,0.885290,0.884287,0.882423,0.881961
116.000000,39.185017,-0.132241,-1.209547,-1.103067,-0.983821,-0.856534,-0.742845,-0.685500,-0.394702,-0.229464,-0.017995,0.444389,0.369927,0.302106,0.244538,0.217727,0.183572,0.157743,0.121864,0.882138,0.881624,0.883637,0.883480,0.883042,0.881455,0.883625,0.883146,0.882204,0.882169,0.884690,0.883651,0.882011,0.881302
117.000000,39.185478,-0.132291,-1.210761,-1.104216,-0.984943,-0.857813,-0.743842,-0.686539,-0.395759,-0.229924,-0.018533,0.444116,0.369608,0.301869,0.243845,0.217381,0.182985,0.157416,0.121353,0.882492,0.881956,0.884041,0.883696,0.883405,0.881937,0.884030,0.883498,0.882527,0.882550,0.885039,0.884060,0.882451,0.881572
118.000000,39.187279,-0.131951,-1.210021,-1.103453,-0.984093,-0.856836,-0.743133,-0.685517,-0.393773,-0.228891,-0.017616,0.444653,0.370250,0.302397,0.244538,0.218114,0.183530,0.158035,0.121898,0.882778,0.882236,0.884330,0.883889,0.883631,0.882133,0.884255,0.883718,0.882640,0.882649,0.885117,0.884299,0.882559,0.881691
119.000000,39.186516,-0.131403,-1.208569,-1.101961,-0.982751,-0.855587,-0.742004,-0.684362,-0.392869,-0.228180,-0.016888,0.444751,0.370463,0.302337,0.244870,0.218335,0.183954,0.158059,0.122263,0.882562,0.882046,0.884074,0.883721,0.883184,0.881836,0.884061,0.883406,0.882349,0.882343,0.884753,0.883998,0.882310,0.881438
120.000000,39.185516,-0.132066,-1.208768,-1.102117,-0.982752,-0.855676,-0.742014,-0.684673,-0.393733,-0.228167,-0.017493,0.444329,0.370086,0.302006,0.244197,0.217876,0.183523,0.157404,0.121758,0.882233,0.881718,0.883713,0.883551,0.882904,0.881699,0.883771,0.883127,0.882090,0.882185,0.884518,0.883706,0.882184,0.881263
121.000000,39.186260,-0.133270,-1.210108,-1.103016,-0.983421,-0.856175,-0.742255,-0.685169,-0.393412,-0.228255,-0.017504,0.444907,0.370741,0.302744,0.244374,0.218384,0.183903,0.157944,0.122257,0.882588,0.882024,0.884025,0.884000,0.883342,0.882182,0.884069,0.883587,0.882480,0.882654,0.884906,0.884056,0.882520,0.881652
122.000000,39.186489,-0.134794,-1.212340,-1.105199,-0.985289,-0.858125,-0.744350,-0.687052,-0.394491,-0.230260,-0.018607,0.444177,0.369993,0.301937,0.243995,0.217400,0.183016,0.157247,0.121337,0.883007,0.882342,0.884387,0.884397,0.883587,0.882542,0.884486,0.883972,0.882858,0.882994,0.885292,0.884323,0.882804,0.882009
123.000000,39.188766,-0.134597,-1.212989,-1.105915,-0.985992,-0.858867,-0.745467,-0.687508,-0.396294,-0.230830,-0.018654,0.444002,0.369643,0.301478,0.244141,0.217032,0.182702,0.156924,0.120892,0.883355,0.882616,0.884722,0.884756,0.883898,0.882817,0.884939,0.884303,0.883349,0.883240,0.885702,0.884658,0.883118,0.882484
124.000000,39.187286,-0.130746,-1.209749,-1.102834,-0.983818,-0.856813,-0.743053,-0.685142,-0.393903,-0.228740,-0.016970,0.444942,0.370537,0.302309,0.244449,0.218324,0.183849,0.157877,0.122229,0.883163,0.882474,0.884497,0.884454,0.883812,0.882507,0.884652,0.884017,0.883050,0.882857,0.885642,0.884395,0.882914,0.882295
125.000000,39.187927,-0.129397,-1.207776,-1.101474,-0.982687,-0.856067,-0.742291,-0.684566,-0.393467,-0.228511,-0.017433,0.444062,0.369743,0.301610,0.243972,0.217780,0.183176,0.157469,0.121721,0.882511,0.881867,0.884072,0.883766,0.883175,0.881865,0.883968,0.883358,0.882240,0.882194,0.884979,0.883650,0.882174,0.881545
126.000000,39.187092,-0.129343,-1.207015,-1.100843,-0.982072,-0.855517,-0.742161,-0.684353,-0.394717,-0.229095,-0.017855,0.443358,0.369082,0.301103,0.244114,0.217144,0.182794,0.157211,0.121351,0.882012,0.881403,0.883704,0.883344,0.882661,0.881303,0.883506,0.882957,0.881869,0.881843,0.884491,0.883227,0.881640,0.881146
127.000000,39.189209,-0.129170,-1.206633,-1.100457,-0.981785,-0.855379,-0.742066,-0.684233,-0.394583,-0.229765,-0.018295,0.442828,0.368568,0.300711,0.243619,0.216756,0.182556,0.156924,0.121374,0.881657,0.881065,0.883259,0.883072,0.882305,0.881013,0.883176,0.882733,0.881638,0.881638,0.884182,0.883007,0.881303,0.880944
128.000000,39.187817,-0.130476,-1.208545,-1.102031,-0.983011,-0.856461,-0.742708,-0.684807,-0.394894,-0.229589,-0.018168,0.443864,0.369485,0.301487,0.244055,0.217572,0.183060,0.157331,0.121819,0.882247,0.881773,0.883910,0.883691,0.882985,0.881799,0.883877,0.883424,0.882272,0.882319,0.884772,0.883646,0.881925,0.881570
129.000000,39.188732,-0.131630,-1.210172,-1.103109,-0.983972,-0.857049,-0.742759,-0.685107,-0.394699,-0.229128,-0.017204,0.445244,0.370715,0.302679,0.244685,0.218577,0.183858,0.158084,0.122594,0.882388,0.881913,0.884010,0.883759,0.883172,0.881879,0.883896,0.883407,0.882261,0.882316,0.884837,0.883594,0.881946,0.881430
130.000000,39.189014,-0.131010,-1.208177,-1.101372,-0.982209,-0.855520,-0.741302,-0.683937,-0.392987,-0.228746,-0.016634,0.445096,0.370731,0.302945,0.244780,0.218761,0.183969,0.158556,0.123154,0.881509,0.881009,0.883091,0.882852,0.882249,0.880910,0.883006,0.882498,0.881354,0.881380,0.884104,0.882474,0.881062,0.880489
131.000000,39.188873,-0.131344,-1.206740,-1.100248,-0.980865,-0.854613,-0.740823,-0.683362,-0.392434,-0.228532,-0.016928,0.444085,0.369849,0.302201,0.244236,0.217980,0.183263,0.158049,0.122496,0.880729,0.880109,0.882295,0.882013,0.881226,0.880006,0.882262,0.881743,0.880584,0.880551,0.883385,0.881622,0.880253,0.879821
132.000000,39.188545,-0.131766,-1.208286,-1.101907,-0.982650,-0.856509,-0.742831,-0.685189,-0.394102,-0.230068,-0.018616,0.442635,0.368387,0.300406,0.243038,0.216237,0.181688,0.156452,0.120566,0.881286,0.880558,0.882599,0.882239,0.881497,0.880271,0.882651,0.882051,0.880878,0.880949,0.883651,0.882059,0.880525,0.880182
133.000000,39.189720,-0.131161,-1.209340,-1.102943,-0.983777,-0.857305,-0.743670,-0.685770,-0.394566,-0.230212,-0.018401,0.443126,0.368932,0.300711,0.243735,0.216441,0.182044,0.156745,0.120672,0.882488,0.881940,0.883807,0.883420,0.882768,0.881472,0.884018,0.883311,0.882139,0.882271,0.884852,0.883333,0.881868,0.881288
134.000000,39.190315,-0.131208,-1.210091,-1.103484,-0.984267,-0.857580,-0.743675,-0.685721,-0.394826,-0.229324,-0.017659,0.444104,0.369705,0.301668,0.244057,0.217297,0.182891,0.157412,0.121529,0.883007,0.882571,0.884376,0.884029,0.883297,0.882060,0.884691,0.883939,0.882666,0.882951,0.885526,0.883999,0.882655,0.881771
135.000000,39.189087,-0.131366,-1.210749,-1.103757,-0.984717,-0.857642,-0.743130,-0.685601,-0.393692,-0.228723,-0.016890,0.445370,0.370630,0.302816,0.244274,0.218365,0.183945,0.158170,0.122512,0.883474,0.882875,0.884682,0.884447,0.883656,0.882367,0.884926,0.884270,0.882993,0.883357,0.885838,0.884385,0.882824,0.882119
136.000000,39.190292,-0.131471,-1.208690,-1.101646,-0.982665,-0.855545,-0.741205,-0.684148,-0.391690,-0.227898,-0.016205,0.445575,0.371005,0.303385,0.244830,0.218965,0.184345,0.158810,0.123153,0.882594,0.881871,0.883758,0.883683,0.882751,0.881452,0.883889,0.883336,0.882167,0.882364,0.884920,0.883521,0.881768,0.881181
137.000000,39.191036,-0.133622,-1.209529,-1.102804,-0.983355,-0.856488,-0.742617,-0.685507,-0.393849,-0.229616,-0.018193,0.443596,0.369195,0.301537,0.243424,0.217024,0.182435,0.157059,0.121246,0.881751,0.880997,0.883040,0.883025,0.881828,0.880829,0.883080,0.882572,0.881441,0.881568,0.884295,0.882783,0.881044,0.880436
138.000000,39.190578,-0.135219,-1.212513,-1.105202,-0.985364,-0.858176,-0.744150,-0.686584,-0.396659,-0.229843,-0.018003,0.444632,0.370100,0.302248,0.244398,0.217604,0.183203,0.157521,0.121605,0.882945,0.882084,0.884274,0.884290,0.883046,0.882049,0.884394,0.883790,0.882698,0.882817,0.885541,0.883955,0.882315,0.881729
139.000000,39.191658,-0.134513,-1.211148,-1.103524,-0.984037,-0.856745,-0.742345,-0.685043,-0.395862,-0.227997,-0.016751,0.445668,0.371178,0.303447,0.245390,0.218805,0.184448,0.158760,0.122917,0.882797,0.881851,0.884003,0.884050,0.882941,0.881596,0.884310,0.883545,0.882449,0.882505,0.885288,0.883828,0.882110,0.881709
140.000000,39.191364,-0.132899,-1.207930,-1.100754,-0.981818,-0.854929,-0.740777,-0.683642,-0.394247,-0.227330,-0.016705,0.444523,0.370348,0.302621,0.244704,0.218130,0.183976,0.158320,0.122567,0.881625,0.880763,0.882738,0.882789,0.881871,0.880401,0.883185,0.882371,0.881364,0.881397,0.884172,0.882846,0.880985,0.880664
141.000000,39.190979,-0.130262,-1.203490,-1.096830,-0.978300,-0.851958,-0.738184,-0.681118,-0.391503,-0.226401,-0.015739,0.444006,0.370056,0.302356,0.244732,0.218175,0.184208,0.158591,0.122939,0.880470,0.879751,0.881533,0.881643,0.880817,0.879480,0.882036,0.881355,0.880336,0.880379,0.883012,0.881815,0.879893,0.879528
142.000000,39.191269,-0.129656,-1.201181,-1.094962,-0.976518,-0.850515,-0.737041,-0.680126,-0.390316,-0.226575,-0.016023,0.442824,0.368937,0.301393,0.244104,0.217374,0.183498,0.158027,0.122307,0.879509,0.878709,0.880502,0.880559,0.879731,0.878489,0.880974,0.880326,0.879238,0.879266,0.881924,0.880661,0.878728,0.878500
143.000000,39.192055,-0.130159,-1.201195,-1.094908,-0.976403,-0.850354,-0.736977,-0.680232,-0.390350,-0.226348,-0.016414,0.442644,0.368951,0.301347,0.244060,0.217275,0.183475,0.158033,0.122311,0.879402,0.878618,0.880522,0.880476,0.879648,0.878410,0.880877,0.880111,0.879135,0.879102,0.881816,0.880551,0.878641,0.878450
144.000000,39.192074,-0.130297,-1.200362,-1.094190,-0.975677,-0.849544,-0.736258,-0.679698,-0.389351,-0.226276,-0.016394,0.442632,0.369100,0.301552,0.244120,0.217412,0.183607,0.158205,0.122585,0.879009,0.878349,0.880174,0.880075,0.879413,0.878105,0.880416,0.879706,0.878718,0.878675,0.881446,0.880161,0.878367,0.878077
145.000000,39.192574,-0.131237,-1.203287,-1.097373,-0.978617,-0.852495,-0.739577,-0.682322,-0.391948,-0.228996,-0.018104,0.441240,0.367424,0.299893,0.242890,0.215591,0.181777,0.156362,0.120622,0.880105,0.879201,0.881136,0.881058,0.880432,0.879151,0.881323,0.880744,0.879604,0.879676,0.882471,0.881000,0.879246,0.878930
146.000000,39.193214,-0.131577,-1.205546,-1.099319,-0.980483,-0.854130,-0.741117,-0.683433,-0.392573,-0.229508,-0.017915,0.441857,0.367826,0.300250,0.243222,0.215728,0.181965,0.156525,0.120697,0.881202,0.880131,0.882358,0.882300,0.881573,0.880261,0.882528,0.881839,0.880768,0.880785,0.883634,0.882206,0.880340,0.880022
147.000000,39.192898,-0.130270,-1.204787,-1.098185,-0.979680,-0.853016,-0.739595,-0.682009,-0.392081,-0.227506,-0.016201,0.443688,0.369677,0.302074,0.244265,0.217517,0.183748,0.158226,0.122444,0.881183,0.880236,0.882473,0.882458,0.881719,0.880359,0.882699,0.881840,0.880986,0.880799,0.883739,0.882357,0.880497,0.880127
148.000000,39.192932,-0.132999,-1.208161,-1.101103,-0.982191,-0.855437,-0.741609,-0.684224,-0.393786,-0.228390,-0.017403,0.443691,0.369783,0.302086,0.243496,0.217371,0.183223,0.157626,0.121920,0.881436,0.880556,0.882588,0.882652,0.881871,0.880534,0.882840,0.881957,0.881216,0.880957,0.883915,0.882425,0.880793,0.880254
149.000000,39.193554,-0.136309,-1.210978,-1.103388,-0.983854,-0.856856,-0.743035,-0.685747,-0.394264,-0.228917,-0.017661,0.443911,0.369996,0.302123,0.243881,0.217246,0.183042,0.157450,0.121611,0.881867,0.880840,0.883038,0.883067,0.882283,0.880840,0.883212,0.882245,0.881568,0.881290,0.884246,0.882648,0.881117,0.880647
150.000000,39.195286,-0.135165,-1.209439,-1.101862,-0.982584,-0.855398,-0.741960,-0.684451,-0.393919,-0.228075,-0.016755,0.444246,0.370088,0.302274,0.244505,0.217612,0.183577,0.157791,0.121865,0.881689,0.880675,0.882867,0.882978,0.882208,0.880830,0.883129,0.882110,0.881435,0.881231,0.884244,0.882582,0.880950,0.880656
151.000000,39.193909,-0.134950,-1.208895,-1.101442,-0.982278,-0.855222,-0.741981,-0.684385,-0.393192,-0.228856,-0.017375,0.443668,0.369536,0.301644,0.244247,0.217167,0.183123,0.157362,0.121290,0.881518,0.880638,0.882521,0.882714,0.881932,0.880749,0.882908,0.881936,0.881128,0.880983,0.884072,0.882418,0.880678,0.880430
152.000000,39.193810,-0.134105,-1.209174,-1.101669,-0.982585,-0.855657,-0.741893,-0.684582,-0.393891,-0.228539,-0.017106,0.444232,0.370129,0.302162,0.244331,0.217625,0.183475,0.157771,0.121746,0.881902,0.881203,0.882915,0.883152,0.882303,0.881213,0.883338,0.882400,0.881423,0.881325,0.884425,0.882936,0.881046,0.880868
153.000000,39.195786,-0.133500,-1.209864,-1.102521,-0.983430,-0.856514,-0.742377,-0.685178,-0.394187,-0.228665,-0.017359,0.444250,0.370062,0.302215,0.243812,0.217571,0.183389,0.157664,0.121716,0.881826,0.881249,0.883032,0.883222,0.882277,0.881149,0.883364,0.882526,0.881489,0.881460,0.884491,0.883172,0.881149,0.880898
154.000000,39.194664,-0.135657,-1.212566,-1.104971,-0.985559,-0.858358,-0.744586,-0.686984,-0.393892,-0.229900,-0.018728,0.443839,0.369607,0.301794,0.243579,0.216815,0.182692,0.157054,0.120848,0.882154,0.881697,0.883559,0.883597,0.882559,0.881553,0.883723,0.883015,0.881912,0.882024,0.884826,0.883637,0.881586,0.881335
155.000000,39.195824,-0.136030,-1.213515,-1.105533,-0.985948,-0.858607,-0.744810,-0.687226,-0.394785,-0.229570,-0.018288,0.444503,0.370220,0.302278,0.244253,0.217244,0.183235,0.157589,0.121242,0.882758,0.882264,0.884276,0.884158,0.883173,0.882281,0.884438,0.883592,0.882622,0.882894,0.885471,0.884273,0.882266,0.882007
156.000000,39.195835,-0.133452,-1.210876,-1.103155,-0.983736,-0.856683,-0.742737,-0.685335,-0.393962,-0.228615,-0.017027,0.445051,0.370849,0.302921,0.244682,0.218211,0.184122,0.158458,0.122376,0.882636,0.882107,0.884011,0.883876,0.883059,0.881983,0.884269,0.883321,0.882490,0.882646,0.885290,0.884041,0.882091,0.881644
157.000000,39.196690,-0.132430,-1.209891,-1.102681,-0.983497,-0.856877,-0.743031,-0.685594,-0.395205,-0.229943,-0.018333,0.443854,0.369764,0.301906,0.243655,0.217296,0.183022,0.157637,0.121572,0.882473,0.881902,0.883774,0.883647,0.882957,0.881652,0.884002,0.883155,0.882329,0.882286,0.884914,0.883855,0.881817,0.881432
158.000000,39.196701,-0.132818,-1.211015,-1.103819,-0.984529,-0.857871,-0.743987,-0.686704,-0.396362,-0.230482,-0.018504,0.443644,0.369475,0.301443,0.243588,0.216785,0.182548,0.157397,0.121009,0.882923,0.882362,0.884319,0.884116,0.883502,0.882093,0.884557,0.883624,0.882798,0.882904,0.885453,0.884285,0.882335,0.881972
159.000000,39.197151,-0.132507,-1.210797,-1.103669,-0.984383,-0.857545,-0.743733,-0.686262,-0.395867,-0.229764,-0.017747,0.444018,0.369771,0.301713,0.244128,0.217095,0.182993,0.157808,0.121278,0.883319,0.882741,0.884677,0.884562,0.883860,0.882452,0.884961,0.884030,0.883008,0.883346,0.885756,0.884613,0.882656,0.882269
160.000000,39.196632,-0.133233,-1.210618,-1.103391,-0.983980,-0.856894,-0.743136,-0.685552,-0.394479,-0.229149,-0.017529,0.444505,0.370182,0.302222,0.244598,0.217694,0.183631,0.158100,0.121737,0.883313,0.882846,0.884772,0.884640,0.883797,0.882626,0.884970,0.884061,0.883037,0.883375,0.885662,0.884664,0.882828,0.882416
161.000000,39.196404,-0.134524,-1.211134,-1.103798,-0.984112,-0.856864,-0.742861,-0.685504,-0.394402,-0.228745,-0.017291,0.445098,0.370829,0.302894,0.244645,0.218170,0.184046,0.158209,0.122182,0.882907,0.882615,0.884481,0.884248,0.883354,0.882448,0.884608,0.883670,0.882759,0.882974,0.885371,0.884263,0.882544,0.882119
162.000000,39.198170,-0.135608,-1.212788,-1.105612,-0.985671,-0.858277,-0.744421,-0.686902,-0.396502,-0.230121,-0.017708,0.444858,0.370644,0.302624,0.244213,0.217677,0.183480,0.157902,0.121859,0.883369,0.883010,0.884960,0.884811,0.883790,0.882912,0.885132,0.884062,0.883217,0.883478,0.885800,0.884765,0.882855,0.882498
163.000000,39.197350,-0.135703,-1.213177,-1.105629,-0.985756,-0.858132,-0.744458,-0.686747,-0.395726,-0.229411,-0.016965,0.445666,0.371366,0.303295,0.245012,0.218459,0.184157,0.158660,0.122549,0.883926,0.883429,0.885551,0.885294,0.884279,0.883332,0.885626,0.884520,0.883807,0.884056,0.886371,0.885465,0.883435,0.883030
164.000000,39.198692,-0.135788,-1.210887,-1.103137,-0.983462,-0.855956,-0.742584,-0.685025,-0.394161,-0.228011,-0.016311,0.445407,0.371225,0.303245,0.245385,0.218627,0.184347,0.158840,0.122804,0.882213,0.881565,0.883744,0.883303,0.882484,0.881417,0.883673,0.882668,0.882018,0.882158,0.884595,0.883628,0.881641,0.881167
165.000000,39.198963,-0.135972,-1.210285,-1.102840,-0.983207,-0.855937,-0.742711,-0.685224,-0.393696,-0.228409,-0.017196,0.444271,0.370099,0.302200,0.244595,0.217660,0.183501,0.157965,0.122062,0.881355,0.880666,0.882826,0.882415,0.881655,0.880643,0.882753,0.881682,0.881126,0.881174,0.883680,0.882595,0.880666,0.880194
166.000000,39.198925,-0.136090,-1.212143,-1.104611,-0.984863,-0.857727,-0.743792,-0.686219,-0.394150,-0.228731,-0.017640,0.444834,0.370720,0.302598,0.244595,0.218178,0.183771,0.158147,0.122350,0.882519,0.882045,0.884026,0.883698,0.882945,0.881911,0.883946,0.882848,0.882216,0.882373,0.884966,0.883767,0.881669,0.881410
167.000000,39.198616,-0.136819,-1.213808,-1.105979,-0.985976,-0.858980,-0.744643,-0.686888,-0.395335,-0.229040,-0.017673,0.445243,0.371310,0.303021,0.244667,0.218503,0.183818,0.158314,0.122307,0.882804,0.882494,0.884455,0.884196,0.883501,0.882265,0.884423,0.883449,0.882740,0.882817,0.885529,0.884228,0.882065,0.881873
168.000000,39.199242,-0.136591,-1.215233,-1.107584,-0.987540,-0.860542,-0.746289,-0.688392,-0.397209,-0.230023,-0.018744,0.444732,0.370725,0.302288,0.244170,0.217620,0.183112,0.157602,0.121302,0.883095,0.882804,0.884826,0.884532,0.883884,0.882569,0.884809,0.883872,0.883037,0.883035,0.885886,0.884460,0.882570,0.882111
169.000000,39.198982,-0.135418,-1.214041,-1.106549,-0.986565,-0.859319,-0.745404,-0.687574,-0.395760,-0.229757,-0.018107,0.445140,0.371018,0.302552,0.244989,0.217995,0.183696,0.158128,0.121797,0.883085,0.882645,0.884760,0.884457,0.883728,0.882413,0.884826,0.883671,0.882945,0.882948,0.885786,0.884367,0.882618,0.882090
170.000000,39.198574,-0.134268,-1.210695,-1.103286,-0.983510,-0.856334,-0.742502,-0.684978,-0.393379,-0.228300,-0.016449,0.445459,0.371423,0.303329,0.245324,0.218817,0.184497,0.159028,0.122924,0.881905,0.881348,0.883562,0.883377,0.882556,0.881252,0.883634,0.882464,0.881850,0.881755,0.884536,0.883256,0.881496,0.881034
171.000000,39.197701,-0.132329,-1.206895,-1.099670,-0.980521,-0.853692,-0.739941,-0.682685,-0.392666,-0.227256,-0.016140,0.444727,0.370714,0.302929,0.244925,0.218706,0.184444,0.158909,0.122896,0.880722,0.880135,0.882223,0.882091,0.881365,0.880133,0.882398,0.881259,0.880541,0.880548,0.883207,0.881913,0.880309,0.879876
172.000000,39.199028,-0.129982,-1.203866,-1.097336,-0.978763,-0.852494,-0.739138,-0.681682,-0.392433,-0.227684,-0.016873,0.442951,0.368977,0.301235,0.244157,0.217292,0.183277,0.157611,0.121628,0.879957,0.879409,0.881391,0.881222,0.880628,0.879379,0.881719,0.880515,0.879847,0.879900,0.882500,0.881139,0.879603,0.879193
173.000000,39.198486,-0.129955,-1.204290,-1.098056,-0.979517,-0.853530,-0.739751,-0.682286,-0.393891,-0.228079,-0.017142,0.442806,0.368835,0.301143,0.243478,0.217055,0.182966,0.157254,0.121484,0.880086,0.879510,0.881527,0.881381,0.880673,0.879520,0.881786,0.880631,0.879895,0.879984,0.882751,0.881284,0.879566,0.879225
174.000000,39.197453,-0.130835,-1.205106,-1.098675,-0.979974,-0.853648,-0.740072,-0.682411,-0.393877,-0.227861,-0.016843,0.443236,0.369129,0.301359,0.244010,0.217293,0.183341,0.157603,0.121734,0.880364,0.879751,0.881779,0.881606,0.880898,0.879824,0.882028,0.880913,0.880022,0.880131,0.883084,0.881447,0.879691,0.879380
175.000000,39.198368,-0.131707,-1.205498,-1.099001,-0.980036,-0.853557,-0.740229,-0.682768,-0.391977,-0.228083,-0.017344,0.442965,0.368752,0.300962,0.243980,0.216869,0.183042,0.157305,0.121418,0.880368,0.879782,0.881805,0.881686,0.880786,0.879886,0.881955,0.880959,0.879973,0.880123,0.882977,0.881454,0.879651,0.879378
176.000000,39.197472,-0.132044,-1.207240,-1.100483,-0.981277,-0.854707,-0.741119,-0.683882,-0.392567,-0.228096,-0.017812,0.443555,0.369209,0.301432,0.243978,0.217163,0.183278,0.157307,0.121554,0.881583,0.881008,0.882958,0.882956,0.881845,0.880942,0.883024,0.882023,0.880996,0.881291,0.884007,0.882583,0.880764,0.880389
177.000000,39.199421,-0.131632,-1.208739,-1.101775,-0.982419,-0.855500,-0.741714,-0.684549,-0.394153,-0.227538,-0.017044,0.444674,0.370383,0.302460,0.244485,0.217964,0.184041,0.158082,0.122300,0.882847,0.882208,0.884106,0.884119,0.883098,0.882012,0.884245,0.883168,0.882258,0.882454,0.885149,0.883692,0.881973,0.881393
178.000000,39.199871,-0.131201,-1.207176,-1.100602,-0.981161,-0.854472,-0.740667,-0.683648,-0.393801,-0.227226,-0.016466,0.444432,0.370467,0.302349,0.244215,0.217931,0.184018,0.158322,0.122481,0.881979,0.881363,0.883269,0.883249,0.882309,0.881259,0.883423,0.882436,0.881558,0.881599,0.884265,0.882900,0.881167,0.880547
179.000000,39.199310,-0.130674,-1.204896,-1.098663,-0.979359,-0.853044,-0.739495,-0.682448,-0.392312,-0.226791,-0.016484,0.443933,0.369988,0.301996,0.244079,0.217689,0.183844,0.158271,0.122399,0.881286,0.880616,0.882599,0.882444,0.881560,0.880510,0.882708,0.881837,0.880882,0.880884,0.883455,0.882236,0.880270,0.879889
180.000000,39.199352,-0.130914,-1.203618,-1.097435,-0.978253,-0.851939,-0.738777,-0.681814,-0.390993,-0.226901,-0.016820,0.443367,0.369420,0.301606,0.244017,0.217435,0.183413,0.157941,0.122125,0.880812,0.880271,0.882158,0.881819,0.881015,0.879960,0.882272,0.881369,0.880364,0.880353,0.883071,0.881788,0.879832,0.879397
181.000000,39.199665,-0.131895,-1.203183,-1.097041,-0.977935,-0.851476,-0.739170,-0.681982,-0.391771,-0.227993,-0.017533,0.441877,0.367978,0.300146,0.243504,0.216091,0.182171,0.156704,0.120643,0.879851,0.879585,0.881489,0.881205,0.880419,0.879356,0.881632,0.880605,0.879618,0.879581,0.882338,0.881120,0.879158,0.878727
182.000000,39.199974,-0.131900,-1.203081,-1.096473,-0.977428,-0.850863,-0.738452,-0.681173,-0.392095,-0.227262,-0.016821,0.442667,0.368761,0.300878,0.244175,0.217134,0.183064,0.157463,0.121551,0.879820,0.879727,0.881507,0.881315,0.880513,0.879376,0.881606,0.880593,0.879672,0.879570,0.882423,0.881166,0.879243,0.878909
183.000000,39.198593,-0.132107,-1.203507,-1.096731,-0.977757,-0.851323,-0.738459,-0.681014,-0.392213,-0.226933,-0.016770,0.442921,0.369091,0.301125,0.243911,0.217408,0.183165,0.157602,0.121960,0.879545,0.879421,0.881007,0.880929,0.880075,0.878989,0.881262,0.880140,0.879331,0.879266,0.882009,0.880908,0.878842,0.878616
184.000000,39.199333,-0.131224,-1.203118,-1.096539,-0.977849,-0.851609,-0.738745,-0.681047,-0.392601,-0.227000,-0.016873,0.442333,0.368566,0.300625,0.243521,0.216876,0.182825,0.157159,0.121449,0.879148,0.878949,0.880614,0.880466,0.879806,0.878626,0.880954,0.879566,0.878909,0.878876,0.881622,0.880360,0.878414,0.878166
185.000000,39.199043,-0.130592,-1.203650,-1.097185,-0.978483,-0.852458,-0.739290,-0.681522,-0.392966,-0.227098,-0.017033,0.442754,0.368935,0.301125,0.243606,0.217335,0.183204,0.157420,0.121775,0.879464,0.879095,0.881064,0.880742,0.880210,0.878922,0.881201,0.879808,0.879155,0.879043,0.881907,0.880535,0.878618,0.878380
186.000000,39.199078,-0.134121,-1.209326,-1.102696,-0.983144,-0.856783,-0.743478,-0.685618,-0.395614,-0.229826,-0.018998,0.442425,0.368417,0.300534,0.242630,0.216383,0.181932,0.156310,0.120544,0.880499,0.880125,0.882188,0.881786,0.881263,0.880033,0.882279,0.881003,0.880221,0.880166,0.882940,0.881675,0.879786,0.879529
187.000000,39.199093,-0.136051,-1.213916,-1.106747,-0.986653,-0.859692,-0.746078,-0.688215,-0.396984,-0.231334,-0.019130,0.443473,0.369079,0.300961,0.243214,0.216645,0.182140,0.156373,0.120453,0.882723,0.882427,0.884423,0.883960,0.883488,0.882355,0.884540,0.883368,0.882476,0.882511,0.885204,0.883931,0.882054,0.881744
188.000000,39.200516,-0.134123,-1.212792,-1.105803,-0.985875,-0.859053,-0.744981,-0.687157,-0.395010,-0.230101,-0.018110,0.445000,0.370516,0.302472,0.244303,0.218154,0.183433,0.157652,0.121844,0.883578,0.883375,0.885226,0.884760,0.884282,0.883164,0.885325,0.884188,0.883276,0.883426,0.886165,0.884790,0.882939,0.882561
189.000000,39.200981,-0.132774,-1.209596,-1.102987,-0.983355,-0.856705,-0.743242,-0.685342,-0.392702,-0.229346,-0.017856,0.444241,0.369917,0.301889,0.244327,0.217666,0.183111,0.157532,0.121630,0.881988,0.881720,0.883509,0.883287,0.882549,0.881554,0.883667,0.882643,0.881720,0.881958,0.884592,0.883210,0.881350,0.881040
190.000000,39.201500,-0.131489,-1.206943,-1.100240,-0.980962,-0.854278,-0.741198,-0.683322,-0.391894,-0.228596,-0.016978,0.443923,0.369680,0.301606,0.244579,0.217604,0.183296,0.157811,0.121854,0.881250,0.880843,0.882620,0.882454,0.881669,0.880779,0.882865,0.881971,0.880885,0.881164,0.883759,0.882401,0.880452,0.880144
191.000000,39.200829,-0.131745,-1.206233,-1.099540,-0.980238,-0.853729,-0.740211,-0.682792,-0.392352,-0.228366,-0.016730,0.443914,0.369740,0.301997,0.243987,0.217968,0.183417,0.157840,0.122083,0.880738,0.880260,0.881960,0.881746,0.881124,0.880144,0.882359,0.881451,0.880269,0.880600,0.883329,0.881886,0.880045,0.879650
192.000000,39.201141,-0.133735,-1.207879,-1.101213,-0.981540,-0.854936,-0.741387,-0.684170,-0.393340,-0.229095,-0.017693,0.443372,0.369210,0.301595,0.243446,0.217197,0.182773,0.157203,0.121265,0.880288,0.879686,0.881450,0.881312,0.880776,0.879665,0.881945,0.881038,0.879871,0.880297,0.882846,0.881446,0.879733,0.879307
193.000000,39.200577,-0.133559,-1.208880,-1.102151,-0.982450,-0.855714,-0.742230,-0.684709,-0.393648,-0.228799,-0.018003,0.443872,0.369567,0.302001,0.243925,0.217372,0.183150,0.157423,0.121566,0.880765,0.880238,0.881886,0.881794,0.881463,0.880182,0.882511,0.881669,0.880359,0.880870,0.883389,0.881920,0.880270,0.879806
194.000000,39.200901,-0.133773,-1.211722,-1.105101,-0.985208,-0.858333,-0.744668,-0.686838,-0.395210,-0.229754,-0.018916,0.443934,0.369644,0.301928,0.243462,0.217215,0.182801,0.156962,0.121177,0.881948,0.881483,0.883152,0.883052,0.882893,0.881420,0.883765,0.883065,0.881584,0.882074,0.884634,0.883202,0.881430,0.880995
195.000000,39.201004,-0.133136,-1.213779,-1.107258,-0.987422,-0.860402,-0.746796,-0.688590,-0.396658,-0.230870,-0.019584,0.443806,0.369724,0.301673,0.243350,0.216868,0.182362,0.156755,0.120709,0.883516,0.882947,0.884718,0.884634,0.884513,0.882983,0.885262,0.884557,0.883142,0.883579,0.886073,0.884693,0.883013,0.882444
196.000000,39.200287,-0.133031,-1.214013,-1.107223,-0.987331,-0.860223,-0.746589,-0.688400,-0.396199,-0.230893,-0.018780,0.444523,0.370351,0.302211,0.244128,0.217352,0.182857,0.157176,0.121309,0.884213,0.883626,0.885298,0.885245,0.885055,0.883579,0.885882,0.885055,0.883796,0.884079,0.886729,0.885171,0.883788,0.883093
197.000000,39.200443,-0.133354,-1.212689,-1.105537,-0.985494,-0.858191,-0.744383,-0.686725,-0.393716,-0.229398,-0.017286,0.445698,0.371635,0.303489,0.245246,0.218635,0.184195,0.158438,0.122714,0.883654,0.883198,0.884944,0.884727,0.884375,0.883026,0.885393,0.884517,0.883378,0.883592,0.886300,0.884660,0.883342,0.882753
198.000000,39.201744,-0.132623,-1.209310,-1.102116,-0.982567,-0.855513,-0.741788,-0.684529,-0.392492,-0.227901,-0.016789,0.445253,0.371579,0.303417,0.245203,0.218876,0.184459,0.158706,0.123117,0.881921,0.881513,0.883409,0.883056,0.882702,0.881343,0.883691,0.882894,0.881738,0.881986,0.884609,0.883038,0.881613,0.881040
199.000000,39.201378,-0.132995,-1.208029,-1.101107,-0.981699,-0.854855,-0.741534,-0.684109,-0.394481,-0.227785,-0.016931,0.444069,0.370505,0.302290,0.244513,0.217946,0.183646,0.157724,0.122133,0.880769,0.880443,0.882266,0.881980,0.881664,0.880174,0.882578,0.881860,0.880645,0.880859,0.883482,0.881975,0.880536,0.879796
200.000000,39.201801,-0.134721,-1.209291,-1.102220,-0.982534,-0.855373,-0.741931,-0.684490,-0.394849,-0.227718,-0.016672,0.444592,0.370914,0.302828,0.244604,0.218288,0.183843,0.158145,0.122421,0.880901,0.880638,0.882460,0.882123,0.881765,0.880266,0.882724,0.881897,0.880762,0.880918,0.883689,0.882106,0.880756,0.879909
201.000000,39.201672,-0.134182,-1.208132,-1.101172,-0.981663,-0.854441,-0.741049,-0.683557,-0.394003,-0.227760,-0.016577,0.444633,0.370914,0.302985,0.244634,0.218459,0.183962,0.158423,0.122653,0.880686,0.880241,0.882167,0.881782,0.881486,0.880015,0.882371,0.881454,0.880370,0.880688,0.883452,0.881900,0.880422,0.879629
202.000000,39.200714,-0.130570,-1.203108,-1.096933,-0.978150,-0.851360,-0.738489,-0.680997,-0.392533,-0.226991,-0.016169,0.443421,0.369969,0.302112,0.244225,0.217902,0.183641,0.158072,0.122417,0.879716,0.879226,0.881022,0.880695,0.880543,0.879043,0.881338,0.880396,0.879255,0.879737,0.882391,0.881027,0.879377,0.878695
203.000000,39.201523,-0.128764,-1.199858,-1.094187,-0.975852,-0.849326,-0.736718,-0.679356,-0.391483,-0.226907,-0.016522,0.442444,0.369155,0.301423,0.243683,0.217442,0.183241,0.157719,0.122422,0.878890,0.878409,0.880214,0.879811,0.879717,0.878284,0.880557,0.879680,0.878606,0.878917,0.881560,0.880290,0.878617,0.878004
204.000000,39.200569,-0.129057,-1.200444,-1.095142,-0.976597,-0.850336,-0.738041,-0.680640,-0.392308,-0.228293,-0.017730,0.441121,0.367748,0.299998,0.242802,0.216105,0.181855,0.156377,0.120984,0.878798,0.878352,0.880227,0.879718,0.879649,0.878240,0.880444,0.879684,0.878707,0.878916,0.881531,0.880159,0.878616,0.878016
205.000000,39.201782,-0.130206,-1.204269,-1.098585,-0.979613,-0.853152,-0.740481,-0.682861,-0.393626,-0.228637,-0.017735,0.441948,0.368318,0.300465,0.242744,0.216318,0.182022,0.156470,0.120882,0.880027,0.879580,0.881534,0.881071,0.880848,0.879469,0.881560,0.880832,0.879928,0.880075,0.882666,0.881381,0.879696,0.879157
206.000000,39.201233,-0.131677,-1.207096,-1.100928,-0.981532,-0.854797,-0.741587,-0.684008,-0.394780,-0.228481,-0.016929,0.443611,0.369733,0.301921,0.243383,0.217592,0.183140,0.157439,0.121868,0.880680,0.880341,0.882232,0.881793,0.881543,0.880164,0.882187,0.881558,0.880523,0.880612,0.883396,0.882022,0.880358,0.879812
207.000000,39.201340,-0.132801,-1.207065,-1.100871,-0.981200,-0.854521,-0.741643,-0.684245,-0.393695,-0.228887,-0.017409,0.442985,0.369180,0.301238,0.243596,0.216987,0.182626,0.157036,0.121223,0.880147,0.879684,0.881841,0.881287,0.881156,0.879762,0.881840,0.881265,0.880124,0.880111,0.882997,0.881534,0.879860,0.879408
208.000000,39.202309,-0.134101,-1.209598,-1.103149,-0.983210,-0.856219,-0.743088,-0.685616,-0.394712,-0.229492,-0.018263,0.443070,0.369242,0.301203,0.243398,0.216754,0.182353,0.156561,0.120880,0.881013,0.880547,0.882798,0.882115,0.881996,0.880624,0.882834,0.882085,0.880979,0.880987,0.883804,0.882390,0.880721,0.880275
209.000000,39.202194,-0.134913,-1.212407,-1.105595,-0.985462,-0.858116,-0.744307,-0.686865,-0.396141,-0.229598,-0.017912,0.444363,0.370359,0.302239,0.243430,0.217356,0.183018,0.157029,0.121575,0.882462,0.881905,0.884199,0.883573,0.883221,0.882002,0.884275,0.883460,0.882519,0.882369,0.885263,0.883815,0.882204,0.881708
210.000000,39.201687,-0.135092,-1.213807,-1.106995,-0.986772,-0.859351,-0.745549,-0.687925,-0.397056,-0.230046,-0.018392,0.444504,0.370376,0.302190,0.243658,0.217154,0.182842,0.156976,0.121351,0.883740,0.883321,0.885370,0.884865,0.884417,0.883366,0.885437,0.884702,0.883793,0.883690,0.886677,0.885044,0.883546,0.882978
211.000000,39.202114,-0.133182,-1.210654,-1.103991,-0.984093,-0.856750,-0.743318,-0.685474,-0.395308,-0.228695,-0.017269,0.445012,0.370889,0.302814,0.244996,0.218077,0.184013,0.158193,0.122338,0.883554,0.883277,0.885152,0.884721,0.884318,0.883315,0.885300,0.884454,0.883461,0.883541,0.886377,0.884834,0.883325,0.882668
212.000000,39.202244,-0.130178,-1.204707,-1.098498,-0.979484,-0.852765,-0.739404,-0.681856,-0.392015,-0.227269,-0.016346,0.444038,0.369937,0.302149,0.244323,0.217860,0.184005,0.158108,0.122623,0.881226,0.880862,0.882870,0.882403,0.882054,0.881000,0.883112,0.882238,0.881213,0.881148,0.884083,0.882625,0.881152,0.880296
213.000000,39.200684,-0.129417,-1.204918,-1.099279,-0.980497,-0.854303,-0.741186,-0.683661,-0.393756,-0.229656,-0.018437,0.441575,0.367236,0.299514,0.242052,0.215222,0.181352,0.155641,0.120039,0.881186,0.880674,0.882890,0.882213,0.881859,0.880780,0.882952,0.882186,0.881132,0.880996,0.884027,0.882584,0.881005,0.880259
214.000000,39.201828,-0.129820,-1.206837,-1.100861,-0.981835,-0.855335,-0.742035,-0.684366,-0.394129,-0.229590,-0.017848,0.442795,0.368328,0.300390,0.243041,0.216127,0.182323,0.156512,0.120869,0.881202,0.880823,0.882946,0.882299,0.881815,0.880717,0.882857,0.882143,0.881052,0.881091,0.883969,0.882694,0.880916,0.880338
215.000000,39.201828,-0.131411,-1.205759,-1.099522,-0.980368,-0.853769,-0.740391,-0.683029,-0.394364,-0.228358,-0.017005,0.443160,0.369083,0.301166,0.243337,0.216903,0.182931,0.157221,0.121795,0.879066,0.878828,0.880788,0.880328,0.879666,0.878692,0.880723,0.880087,0.879046,0.879201,0.881977,0.880811,0.878957,0.878329
216.000000,39.202663,-0.131464,-1.204334,-1.098383,-0.979335,-0.852933,-0.740104,-0.682721,-0.394703,-0.228813,-0.018144,0.441747,0.367902,0.300097,0.242651,0.215842,0.181666,0.156359,0.120678,0.878969,0.878622,0.880628,0.880187,0.879455,0.878432,0.880572,0.879975,0.878917,0.879037,0.881902,0.880619,0.878789,0.878137
217.000000,39.202095,-0.130936,-1.205661,-1.099477,-0.980361,-0.853900,-0.741072,-0.683297,-0.393428,-0.228479,-0.017845,0.442524,0.368447,0.300557,0.243368,0.216233,0.182029,0.156677,0.120714,0.880752,0.880346,0.882253,0.881979,0.881214,0.880067,0.882285,0.881765,0.880694,0.880764,0.883643,0.882234,0.880496,0.879779
218.000000,39.202591,-0.132102,-1.208297,-1.101587,-0.982181,-0.855403,-0.742104,-0.684397,-0.393320,-0.228807,-0.016902,0.443955,0.369706,0.301703,0.244070,0.217170,0.182853,0.157211,0.121376,0.881998,0.881509,0.883347,0.883144,0.882477,0.881276,0.883465,0.882901,0.881914,0.881980,0.884802,0.883434,0.881677,0.880907
219.000000,39.201591,-0.133178,-1.210486,-1.103626,-0.984263,-0.857257,-0.743368,-0.685971,-0.394941,-0.230076,-0.017708,0.443903,0.369523,0.301503,0.243272,0.216889,0.182467,0.156608,0.121098,0.882194,0.881701,0.883455,0.883185,0.882621,0.881451,0.883677,0.882876,0.882099,0.882017,0.884881,0.883584,0.881799,0.881037
220.000000,39.202629,-0.132377,-1.210586,-1.103820,-0.984484,-0.857552,-0.743731,-0.686178,-0.394770,-0.230133,-0.018110,0.444115,0.369711,0.301560,0.243746,0.216891,0.182549,0.156925,0.121257,0.882756,0.882275,0.883923,0.883610,0.883059,0.881957,0.884093,0.883189,0.882554,0.882516,0.885387,0.884007,0.882279,0.881450
221.000000,39.201763,-0.131671,-1.208424,-1.101439,-0.982216,-0.855097,-0.741303,-0.683821,-0.392965,-0.227528,-0.016145,0.445568,0.371189,0.302997,0.245191,0.218422,0.184228,0.158534,0.123000,0.882622,0.882197,0.883859,0.883406,0.882866,0.881773,0.883854,0.882941,0.882343,0.882343,0.885245,0.883812,0.882030,0.881177
222.000000,39.203239,-0.132769,-1.206391,-1.099600,-0.980426,-0.853347,-0.739614,-0.682548,-0.393613,-0.226843,-0.015956,0.444787,0.370628,0.302487,0.244478,0.218234,0.183884,0.158140,0.122867,0.881417,0.881070,0.882748,0.882197,0.881693,0.880626,0.882682,0.881855,0.881116,0.881208,0.884149,0.882679,0.880817,0.880000
223.000000,39.203590,-0.132886,-1.206579,-1.100065,-0.980860,-0.853906,-0.740441,-0.683275,-0.393698,-0.228046,-0.017031,0.443817,0.369761,0.301645,0.244011,0.217342,0.182833,0.157423,0.121921,0.881489,0.881154,0.882954,0.882423,0.881963,0.880794,0.882867,0.882155,0.881302,0.881457,0.884315,0.882976,0.880926,0.880320
224.000000,39.203888,-0.132480,-1.207333,-1.100787,-0.981705,-0.854838,-0.741502,-0.684018,-0.392074,-0.228640,-0.017391,0.443363,0.369243,0.301210,0.243896,0.216740,0.182443,0.156989,0.121212,0.881537,0.881318,0.883131,0.882740,0.882336,0.881059,0.883152,0.882453,0.881529,0.881687,0.884487,0.883230,0.881045,0.880542
225.000000,39.203003,-0.132054,-1.207547,-1.100952,-0.981955,-0.855138,-0.741659,-0.683957,-0.392127,-0.228428,-0.017249,0.443665,0.369385,0.301507,0.243883,0.217028,0.182842,0.157124,0.121414,0.881924,0.881579,0.883532,0.883184,0.882712,0.881502,0.883562,0.882776,0.881824,0.882047,0.884739,0.883512,0.881368,0.880726
226.000000,39.203651,-0.132984,-1.208107,-1.101466,-0.982135,-0.855063,-0.741470,-0.683870,-0.393463,-0.228097,-0.016850,0.444365,0.369975,0.302155,0.244613,0.217707,0.183516,0.157650,0.122138,0.882640,0.882251,0.884177,0.883887,0.883204,0.882134,0.884045,0.883208,0.882306,0.882602,0.885183,0.883918,0.881945,0.881170
227.000000,39.202988,-0.134012,-1.209324,-1.102746,-0.983131,-0.855895,-0.742463,-0.684818,-0.394772,-0.229047,-0.017669,0.444077,0.369653,0.301696,0.244578,0.217200,0.183263,0.157143,0.121540,0.882771,0.882252,0.884299,0.883821,0.883254,0.882184,0.884063,0.883243,0.882276,0.882692,0.885286,0.884042,0.882088,0.881352
228.000000,39.202782,-0.133107,-1.209252,-1.102637,-0.983120,-0.855877,-0.742153,-0.684581,-0.394486,-0.228299,-0.017173,0.445024,0.370729,0.302691,0.244772,0.218185,0.184270,0.158012,0.122540,0.882846,0.882358,0.884524,0.883998,0.883436,0.882381,0.884237,0.883558,0.882399,0.882971,0.885581,0.884343,0.882416,0.881831
229.000000,39.202934,-0.132013,-1.207419,-1.101244,-0.981734,-0.854933,-0.741365,-0.683928,-0.393816,-0.228614,-0.016904,0.444574,0.370448,0.302491,0.244715,0.218056,0.183858,0.158205,0.122612,0.882355,0.881985,0.884049,0.883595,0.882953,0.881989,0.883820,0.883283,0.881978,0.882525,0.885270,0.883963,0.881979,0.881524
230.000000,39.205551,-0.130452,-1.206448,-1.100570,-0.981223,-0.854684,-0.741503,-0.683464,-0.394508,-0.228383,-0.016707,0.443907,0.369819,0.301882,0.244731,0.217535,0.183346,0.157790,0.122095,0.882187,0.881965,0.883720,0.883431,0.882768,0.881830,0.883757,0.883194,0.881815,0.882327,0.885216,0.883904,0.881893,0.881335
231.000000,39.205460,-0.128856,-1.203979,-1.098004,-0.979036,-0.852446,-0.739087,-0.681238,-0.391909,-0.225740,-0.015393,0.444724,0.370800,0.302988,0.245396,0.218654,0.184656,0.158920,0.123364,0.881595,0.881173,0.883121,0.882876,0.882273,0.881303,0.883264,0.882651,0.881215,0.881771,0.884536,0.883406,0.881198,0.880783
232.000000,39.204994,-0.128967,-1.200616,-1.094803,-0.976011,-0.849673,-0.736551,-0.679298,-0.389080,-0.225592,-0.015102,0.444144,0.370379,0.302798,0.245312,0.218597,0.184646,0.158999,0.123678,0.880256,0.879880,0.881879,0.881412,0.880996,0.879990,0.881946,0.881249,0.879853,0.880433,0.883253,0.882033,0.879839,0.879442
233.000000,39.205101,-0.129012,-1.200594,-1.094824,-0.976031,-0.849914,-0.736640,-0.679436,-0.390094,-0.226411,-0.015153,0.444173,0.370329,0.302705,0.245180,0.218390,0.184624,0.158873,0.123636,0.881471,0.881150,0.883176,0.882520,0.882242,0.881040,0.883087,0.882303,0.880966,0.881560,0.884377,0.883196,0.880944,0.880503
234.000000,39.204933,-0.131832,-1.206247,-1.100409,-0.981315,-0.855190,-0.741578,-0.684380,-0.394796,-0.230115,-0.018897,0.441966,0.368001,0.300223,0.242606,0.215640,0.181790,0.156203,0.120743,0.880274,0.879932,0.881942,0.881520,0.881158,0.879806,0.881856,0.881167,0.879863,0.880448,0.883130,0.882039,0.879850,0.879310
235.000000,39.205647,-0.133979,-1.211674,-1.105353,-0.985854,-0.859291,-0.745488,-0.688065,-0.397575,-0.231919,-0.020179,0.441717,0.367540,0.299583,0.241990,0.214755,0.180694,0.155126,0.119509,0.880632,0.880307,0.882229,0.882068,0.881619,0.880356,0.882188,0.881754,0.880372,0.880955,0.883518,0.882465,0.880338,0.879822
236.000000,39.204967,-0.133251,-1.213283,-1.106335,-0.986483,-0.859213,-0.745241,-0.687552,-0.395624,-0.229664,-0.017628,0.444874,0.370560,0.302399,0.244667,0.217471,0.183256,0.157370,0.121919,0.884547,0.884139,0.886124,0.885814,0.885454,0.884277,0.885997,0.885616,0.884272,0.884798,0.887472,0.886328,0.884300,0.883811
237.000000,39.205364,-0.133470,-1.212851,-1.106075,-0.986226,-0.858868,-0.745054,-0.687348,-0.395683,-0.229274,-0.017927,0.444633,0.370439,0.302230,0.244563,0.217492,0.183142,0.157324,0.121864,0.884018,0.883610,0.885591,0.885161,0.884825,0.883577,0.885405,0.884985,0.883676,0.884123,0.886929,0.885694,0.883752,0.883198
238.000000,39.206264,-0.131585,-1.209118,-1.102754,-0.983431,-0.856496,-0.742428,-0.685198,-0.394012,-0.228445,-0.017337,0.444386,0.370457,0.302434,0.244242,0.217931,0.183451,0.157823,0.122503,0.882494,0.882120,0.883978,0.883647,0.883391,0.882031,0.883887,0.883492,0.882186,0.882453,0.885292,0.884140,0.881963,0.881533
239.000000,39.206009,-0.130029,-1.203895,-1.097704,-0.978714,-0.852172,-0.738528,-0.681303,-0.391022,-0.226427,-0.015489,0.444451,0.370770,0.302996,0.244986,0.218655,0.184392,0.158804,0.123553,0.881266,0.880827,0.882686,0.882280,0.882182,0.880824,0.882612,0.882218,0.881151,0.881219,0.884008,0.882977,0.880641,0.880264
240.000000,39.206512,-0.130890,-1.201106,-1.094987,-0.976059,-0.849813,-0.736560,-0.679612,-0.390179,-0.225354,-0.015314,0.443615,0.370122,0.302544,0.244731,0.218243,0.184181,0.158594,0.123413,0.879629,0.879256,0.881091,0.880655,0.880509,0.879103,0.881063,0.880547,0.879687,0.879752,0.882521,0.881402,0.879147,0.878710
241.000000,39.206646,-0.129174,-1.199346,-1.093814,-0.975170,-0.849367,-0.736088,-0.679436,-0.390609,-0.225505,-0.016051,0.442557,0.369067,0.301648,0.243847,0.217382,0.183327,0.157846,0.122876,0.878957,0.878507,0.880305,0.880056,0.879885,0.878318,0.880356,0.879833,0.878963,0.879094,0.881748,0.880656,0.878433,0.877980
242.000000,39.206795,-0.127720,-1.198611,-1.093559,-0.975089,-0.849618,-0.736555,-0.679597,-0.392179,-0.226737,-0.016785,0.441321,0.367695,0.300233,0.242982,0.216303,0.182338,0.156714,0.121698,0.878404,0.877909,0.879597,0.879511,0.879405,0.877859,0.879797,0.879292,0.878376,0.878487,0.881290,0.880114,0.877996,0.877504
243.000000,39.207970,-0.129031,-1.201120,-1.095811,-0.977169,-0.851452,-0.738102,-0.681279,-0.393508,-0.228131,-0.017447,0.441411,0.367675,0.300203,0.242474,0.216071,0.181955,0.156354,0.121158,0.878621,0.878135,0.879941,0.879777,0.879655,0.878193,0.880152,0.879520,0.878675,0.878683,0.881660,0.880419,0.878249,0.877880
244.000000,39.206535,-0.130366,-1.204720,-1.099204,-0.980235,-0.854156,-0.741034,-0.683773,-0.393271,-0.229511,-0.018423,0.441378,0.367530,0.299857,0.242405,0.215414,0.181170,0.155799,0.120268,0.880188,0.879732,0.881651,0.881235,0.881207,0.879595,0.881678,0.881075,0.880231,0.880181,0.883150,0.881948,0.879762,0.879332
245.000000,39.205795,-0.132392,-1.208727,-1.102572,-0.983010,-0.856420,-0.742966,-0.685406,-0.393752,-0.229526,-0.018294,0.442895,0.368868,0.300956,0.243269,0.216292,0.182021,0.156516,0.120925,0.881875,0.881434,0.883502,0.883055,0.882893,0.881203,0.883280,0.882768,0.882028,0.881924,0.884882,0.883728,0.881437,0.881017
246.000000,39.207413,-0.134267,-1.210127,-1.103322,-0.983454,-0.856582,-0.742717,-0.685409,-0.394257,-0.228742,-0.017517,0.444247,0.370246,0.302291,0.244223,0.217493,0.183094,0.157533,0.122054,0.882123,0.881714,0.883904,0.883440,0.883099,0.881407,0.883500,0.882910,0.882255,0.882112,0.885066,0.884079,0.881655,0.881268
247.000000,39.207409,-0.134656,-1.208216,-1.101196,-0.981594,-0.854673,-0.741235,-0.684055,-0.393709,-0.228177,-0.017009,0.443659,0.369919,0.301921,0.244617,0.217423,0.183116,0.157591,0.122008,0.880940,0.880560,0.882652,0.882175,0.881841,0.880174,0.882308,0.881615,0.880892,0.880899,0.883717,0.882780,0.880369,0.880063
248.000000,39.208332,-0.132536,-1.204315,-1.097425,-0.978340,-0.851530,-0.738166,-0.681211,-0.392568,-0.226337,-0.015676,0.443974,0.370428,0.302497,0.245086,0.218355,0.184163,0.158577,0.123219,0.879978,0.879518,0.881614,0.881180,0.880857,0.879226,0.881317,0.880676,0.879924,0.880069,0.882856,0.881780,0.879457,0.879134
249.000000,39.208637,-0.130581,-1.199150,-1.092749,-0.974121,-0.847709,-0.734656,-0.677964,-0.389224,-0.224392,-0.015112,0.443446,0.369863,0.302094,0.244672,0.218323,0.184328,0.158657,0.123605,0.877965,0.877452,0.879519,0.879204,0.878797,0.877350,0.879233,0.878704,0.877894,0.878037,0.880760,0.879696,0.877381,0.877102
250.000000,39.208046,-0.130544,-1.197783,-1.092088,-0.973505,-0.847528,-0.734950,-0.678370,-0.388901,-0.225718,-0.016908,0.441236,0.367908,0.300107,0.242894,0.216479,0.182365,0.156943,0.121986,0.876706,0.876133,0.878162,0.877754,0.877512,0.876012,0.877944,0.877280,0.876501,0.876578,0.879398,0.878134,0.876022,0.875706
251.000000,39.208313,-0.129317,-1.199180,-1.093853,-0.975420,-0.849435,-0.737045,-0.679921,-0.390720,-0.227330,-0.017473,0.440709,0.367442,0.299473,0.242468,0.215743,0.181613,0.156262,0.121190,0.877672,0.877120,0.879193,0.878643,0.878554,0.877008,0.879032,0.878217,0.877525,0.877714,0.880562,0.879091,0.877124,0.876778
252.000000,39.209404,-0.128553,-1.200714,-1.095047,-0.976714,-0.850366,-0.737706,-0.680323,-0.390614,-0.227254,-0.016797,0.441783,0.368253,0.300262,0.243115,0.216602,0.182567,0.156996,0.121851,0.878706,0.878217,0.880186,0.879685,0.879626,0.878066,0.880040,0.879300,0.878551,0.878884,0.881669,0.880264,0.878211,0.877952
253.000000,39.208656,-0.131778,-1.205940,-1.099921,-0.980891,-0.854433,-0.741401,-0.684065,-0.394331,-0.229778,-0.019235,0.441517,0.367697,0.299814,0.242290,0.215750,0.181371,0.156037,0.120767,0.879986,0.879431,0.881441,0.880843,0.880852,0.879182,0.881252,0.880587,0.879763,0.880180,0.882861,0.881572,0.879359,0.879194
254.000000,39.208866,-0.133141,-1.208556,-1.102234,-0.982665,-0.855985,-0.742887,-0.685403,-0.394795,-0.229708,-0.018960,0.442644,0.368672,0.300755,0.243448,0.216358,0.181941,0.156723,0.121213,0.881463,0.880963,0.882945,0.882274,0.882284,0.880728,0.882708,0.882071,0.881260,0.881676,0.884322,0.883075,0.880800,0.880593
255.000000,39.208710,-0.131753,-1.206639,-1.100333,-0.981058,-0.854339,-0.741431,-0.683862,-0.393314,-0.228488,-0.017281,0.442903,0.369004,0.301007,0.244119,0.216833,0.182712,0.157160,0.121750,0.881216,0.880812,0.882768,0.882068,0.882200,0.880577,0.882405,0.881961,0.881021,0.881315,0.884235,0.882902,0.880700,0.880360
256.000000,39.209503,-0.133724,-1.209313,-1.102881,-0.983272,-0.856387,-0.743150,-0.685551,-0.394002,-0.229629,-0.018240,0.443020,0.368879,0.300855,0.243357,0.216464,0.182313,0.156531,0.121258,0.881607,0.881331,0.883199,0.882579,0.882814,0.880951,0.882922,0.882502,0.881428,0.881717,0.884718,0.883359,0.881184,0.880889
257.000000,39.209755,-0.135319,-1.212244,-1.105416,-0.985373,-0.858096,-0.744424,-0.686999,-0.393474,-0.230141,-0.018171,0.444233,0.369944,0.301783,0.243898,0.217059,0.182847,0.157120,0.121729,0.882782,0.882518,0.884242,0.883851,0.883923,0.882149,0.884091,0.883596,0.882566,0.882922,0.885692,0.884445,0.882254,0.882050
258.000000,39.209126,-0.133822,-1.210618,-1.103662,-0.984029,-0.856716,-0.743240,-0.685909,-0.395407,-0.229564,-0.017464,0.444242,0.369950,0.301900,0.244220,0.217286,0.183057,0.157457,0.121990,0.882328,0.881947,0.883595,0.883265,0.883266,0.881629,0.883504,0.883058,0.882083,0.882417,0.885054,0.883819,0.881819,0.881487
259.000000,39.208481,-0.133887,-1.210012,-1.103090,-0.983412,-0.856054,-0.742517,-0.685300,-0.395219,-0.228727,-0.017558,0.444346,0.370165,0.302265,0.244289,0.217574,0.183395,0.157744,0.122234,0.882088,0.881481,0.883263,0.882881,0.882838,0.881256,0.883288,0.882746,0.881957,0.882115,0.884706,0.883565,0.881594,0.881341
260.000000,39.209969,-0.134177,-1.210523,-1.103873,-0.984111,-0.856811,-0.743123,-0.686016,-0.394151,-0.229308,-0.018181,0.443848,0.369706,0.301894,0.243812,0.217044,0.182930,0.157227,0.121563,0.882319,0.881799,0.883609,0.883136,0.882928,0.881513,0.883567,0.882954,0.882185,0.882361,0.884991,0.883908,0.881878,0.881668
261.000000,39.208347,-0.135186,-1.213595,-1.106785,-0.986921,-0.859639,-0.745946,-0.688589,-0.396598,-0.231180,-0.018904,0.443434,0.369131,0.301279,0.243035,0.216183,0.181942,0.156391,0.120511,0.883075,0.882633,0.884505,0.884017,0.883678,0.882283,0.884418,0.883669,0.882889,0.883065,0.885837,0.884723,0.882561,0.882410
262.000000,39.209846,-0.137368,-1.218469,-1.111061,-0.990573,-0.862854,-0.748955,-0.691215,-0.399266,-0.232164,-0.019526,0.444564,0.369961,0.301765,0.243615,0.216546,0.182197,0.156578,0.120602,0.885328,0.884808,0.886754,0.886317,0.886037,0.884467,0.886670,0.885882,0.885110,0.885186,0.888102,0.886952,0.884850,0.884573
263.000000,39.209084,-0.137168,-1.219808,-1.112207,-0.991575,-0.863445,-0.749453,-0.691466,-0.399249,-0.231656,-0.019098,0.445748,0.371026,0.302540,0.244653,0.217396,0.183167,0.157316,0.121284,0.887206,0.886546,0.888470,0.887963,0.887794,0.886224,0.888358,0.887743,0.886716,0.886933,0.889723,0.888639,0.886687,0.886294
264.000000,39.209293,-0.137160,-1.219231,-1.111374,-0.990831,-0.862642,-0.748444,-0.690640,-0.398611,-0.231167,-0.018062,0.446249,0.371830,0.303233,0.245124,0.218132,0.183892,0.157967,0.121983,0.886969,0.886348,0.888238,0.887738,0.887515,0.885969,0.888223,0.887556,0.886433,0.886758,0.889537,0.888373,0.886424,0.886074
265.000000,39.209152,-0.133503,-1.211828,-1.104135,-0.984422,-0.856764,-0.742620,-0.685220,-0.394325,-0.228406,-0.015833,0.446744,0.372555,0.304180,0.246224,0.219566,0.185442,0.159664,0.123892,0.884543,0.884018,0.886027,0.885608,0.885307,0.883825,0.885939,0.885367,0.884313,0.884487,0.887297,0.886142,0.884005,0.883805
266.000000,39.208908,-0.129221,-1.202618,-1.096188,-0.977476,-0.850733,-0.737761,-0.680423,-0.391944,-0.226684,-0.015519,0.444214,0.370330,0.302247,0.245460,0.218347,0.184439,0.158937,0.123096,0.881591,0.881086,0.883070,0.882793,0.882483,0.880938,0.882963,0.882468,0.881391,0.881506,0.884253,0.883277,0.881115,0.880853
267.000000,39.209480,-0.130718,-1.203156,-1.097000,-0.978438,-0.851916,-0.739356,-0.681876,-0.393304,-0.227814,-0.017810,0.441927,0.368128,0.300070,0.243395,0.216288,0.182251,0.156756,0.120863,0.881038,0.880483,0.882333,0.882214,0.881845,0.880217,0.882378,0.881789,0.880690,0.880878,0.883538,0.882611,0.880563,0.880051
268.000000,39.208305,-0.131987,-1.206496,-1.099857,-0.981087,-0.854373,-0.740887,-0.683489,-0.393814,-0.228083,-0.017732,0.443188,0.369334,0.301451,0.243447,0.217243,0.182989,0.157228,0.121635,0.882013,0.881481,0.883339,0.883145,0.882819,0.881123,0.883361,0.882712,0.881689,0.881950,0.884623,0.883495,0.881611,0.880987
269.000000,39.208145,-0.131507,-1.206665,-1.100161,-0.981194,-0.854428,-0.741051,-0.683449,-0.394577,-0.227964,-0.017088,0.443461,0.369639,0.301776,0.244233,0.217265,0.183306,0.157485,0.121834,0.882314,0.881802,0.883701,0.883442,0.883081,0.881459,0.883724,0.883040,0.882089,0.882324,0.884888,0.883977,0.881868,0.881435
270.000000,39.207836,-0.130994,-1.206624,-1.100287,-0.981272,-0.854586,-0.741289,-0.683473,-0.394481,-0.228117,-0.017519,0.443403,0.369389,0.301571,0.244218,0.217035,0.183113,0.157215,0.121596,0.882246,0.881807,0.883513,0.883265,0.882998,0.881410,0.883610,0.882916,0.882018,0.882118,0.884671,0.884031,0.881739,0.881418
271.000000,39.208591,-0.131803,-1.207432,-1.100884,-0.981649,-0.854933,-0.741358,-0.683668,-0.393328,-0.228068,-0.017792,0.443874,0.369727,0.302031,0.243945,0.217407,0.183310,0.157401,0.121907,0.881963,0.881448,0.883189,0.882869,0.882775,0.881092,0.883201,0.882481,0.881691,0.881641,0.884435,0.883687,0.881363,0.880980
272.000000,39.207668,-0.132631,-1.206646,-1.099848,-0.980383,-0.853605,-0.740233,-0.682653,-0.392592,-0.227429,-0.016926,0.444367,0.370347,0.302535,0.244738,0.217952,0.183911,0.158128,0.122478,0.881846,0.881271,0.882893,0.882575,0.882275,0.880808,0.882654,0.882116,0.881110,0.881165,0.883889,0.883169,0.880812,0.880346
273.000000,39.207436,-0.130445,-1.201270,-1.094558,-0.975584,-0.849091,-0.735799,-0.678370,-0.389386,-0.224750,-0.014808,0.445042,0.371345,0.303740,0.245753,0.219389,0.185446,0.159780,0.124293,0.880134,0.879718,0.881066,0.880951,0.880461,0.879134,0.880871,0.880518,0.879296,0.879442,0.882019,0.881496,0.879024,0.878600
274.000000,39.207169,-0.130384,-1.197151,-1.091055,-0.972359,-0.846251,-0.733828,-0.676569,-0.387981,-0.224096,-0.015503,0.442757,0.369190,0.301964,0.244537,0.217768,0.184009,0.158604,0.123108,0.876997,0.876655,0.878154,0.878068,0.877740,0.876392,0.878295,0.877825,0.876697,0.876772,0.879439,0.878814,0.876456,0.875988
275.000000,39.206573,-0.133117,-1.199631,-1.093684,-0.974632,-0.848452,-0.736293,-0.679116,-0.390957,-0.226476,-0.017114,0.440958,0.367112,0.299935,0.242824,0.215775,0.182000,0.156427,0.120920,0.876406,0.876042,0.877772,0.877567,0.877307,0.875973,0.877962,0.877341,0.876337,0.876415,0.879129,0.878406,0.876034,0.875584
276.000000,39.207336,-0.135238,-1.205895,-1.099517,-0.979802,-0.853286,-0.740618,-0.683246,-0.393848,-0.229066,-0.017986,0.441685,0.367542,0.300054,0.242654,0.215695,0.181675,0.155823,0.120163,0.878853,0.878459,0.880105,0.880007,0.879703,0.878311,0.880417,0.879568,0.878682,0.878799,0.881563,0.880845,0.878405,0.877990
277.000000,39.208241,-0.135239,-1.210478,-1.103646,-0.983577,-0.856658,-0.743894,-0.685985,-0.395676,-0.230611,-0.018800,0.442857,0.368398,0.300554,0.243228,0.216088,0.182178,0.156146,0.120266,0.881650,0.881071,0.882850,0.882821,0.882503,0.881003,0.883248,0.882216,0.881428,0.881442,0.884220,0.883406,0.881039,0.880714
278.000000,39.207859,-0.134202,-1.211864,-1.104628,-0.984656,-0.857420,-0.743600,-0.686111,-0.394286,-0.229419,-0.017947,0.444570,0.370206,0.302198,0.243695,0.217725,0.183626,0.157390,0.121917,0.882700,0.882213,0.884024,0.883845,0.883607,0.882040,0.884263,0.883421,0.882612,0.882518,0.885359,0.884395,0.882181,0.881819
279.000000,39.206932,-0.133990,-1.211684,-1.104382,-0.984386,-0.857080,-0.742744,-0.685712,-0.394023,-0.228045,-0.016845,0.445377,0.371231,0.303228,0.244302,0.218560,0.184247,0.158262,0.122763,0.882580,0.882117,0.883905,0.883765,0.883402,0.881988,0.884062,0.883354,0.882527,0.882412,0.885139,0.884441,0.882080,0.881798
280.000000,39.207047,-0.134531,-1.211957,-1.104764,-0.984727,-0.857518,-0.743870,-0.686348,-0.395858,-0.229430,-0.018124,0.444240,0.369958,0.301834,0.243950,0.217330,0.183214,0.157199,0.121473,0.882490,0.882170,0.883864,0.883749,0.883426,0.882014,0.884049,0.883260,0.882526,0.882305,0.885112,0.884434,0.882154,0.881736
281.000000,39.206779,-0.134219,-1.214039,-1.106949,-0.987001,-0.860013,-0.746283,-0.688592,-0.398265,-0.231486,-0.020156,0.443419,0.368835,0.300615,0.242974,0.216083,0.182061,0.155971,0.120218,0.883654,0.883290,0.884978,0.884877,0.884606,0.883190,0.885149,0.884392,0.883623,0.883394,0.886298,0.885532,0.883126,0.882890
282.000000,39.206314,-0.134946,-1.217731,-1.110313,-0.989905,-0.862619,-0.748178,-0.690737,-0.399346,-0.232217,-0.020068,0.445086,0.370267,0.301970,0.243793,0.217072,0.182855,0.156756,0.121021,0.885451,0.884995,0.886760,0.886632,0.886290,0.884859,0.886921,0.886238,0.885386,0.885212,0.888103,0.887318,0.884755,0.884733
283.000000,39.206573,-0.135109,-1.219857,-1.112117,-0.991551,-0.863940,-0.749134,-0.691722,-0.398050,-0.232234,-0.019436,0.446325,0.371440,0.303022,0.244503,0.217911,0.183626,0.157395,0.121586,0.886511,0.885967,0.887971,0.887701,0.887444,0.885907,0.888049,0.887389,0.886569,0.886349,0.889061,0.888403,0.885880,0.885794
284.000000,39.205837,-0.134256,-1.218177,-1.110517,-0.990054,-0.862565,-0.747654,-0.690303,-0.396436,-0.230306,-0.018298,0.446954,0.372170,0.303828,0.245003,0.218837,0.184464,0.158194,0.122614,0.886431,0.885781,0.887881,0.887556,0.887367,0.885753,0.888032,0.887250,0.886420,0.886264,0.888900,0.888216,0.885872,0.885652
285.000000,39.205780,-0.135185,-1.215864,-1.108468,-0.987883,-0.860621,-0.746160,-0.688976,-0.396476,-0.229663,-0.018274,0.446103,0.371551,0.303248,0.245081,0.218346,0.184106,0.157843,0.122410,0.885307,0.884773,0.886808,0.886412,0.886247,0.884633,0.886937,0.886156,0.885319,0.885240,0.887744,0.887082,0.884731,0.884512
286.000000,39.205296,-0.134644,-1.215107,-1.108010,-0.987540,-0.860345,-0.746364,-0.689036,-0.396697,-0.230872,-0.019233,0.444739,0.370247,0.301918,0.244454,0.217199,0.183081,0.156799,0.121228,0.885078,0.884699,0.886541,0.886162,0.885955,0.884419,0.886655,0.886081,0.885124,0.884968,0.887530,0.886824,0.884502,0.884294
287.000000,39.205769,-0.131721,-1.212172,-1.105241,-0.985206,-0.857883,-0.743978,-0.686624,-0.394801,-0.229249,-0.017770,0.445411,0.370833,0.302609,0.244986,0.218192,0.184125,0.157744,0.122326,0.884814,0.884323,0.886048,0.885681,0.885436,0.884062,0.886168,0.885780,0.884701,0.884603,0.887183,0.886431,0.884159,0.883913
288.000000,39.205700,-0.130129,-1.207330,-1.100838,-0.981236,-0.854321,-0.740885,-0.683499,-0.393731,-0.227902,-0.016853,0.445000,0.370516,0.302356,0.245106,0.218364,0.184306,0.158174,0.122926,0.882853,0.882356,0.884162,0.883545,0.883358,0.882149,0.884082,0.883785,0.882722,0.882665,0.885154,0.884538,0.882232,0.881881
289.000000,39.206837,-0.130619,-1.204761,-1.098348,-0.978969,-0.852315,-0.739158,-0.681748,-0.392407,-0.227230,-0.016280,0.444507,0.370260,0.302148,0.244883,0.218302,0.184365,0.158269,0.123024,0.881221,0.880734,0.882789,0.882039,0.881823,0.880657,0.882572,0.882226,0.881258,0.881039,0.883613,0.883033,0.880687,0.880318
290.000000,39.208523,-0.130940,-1.204721,-1.098498,-0.979133,-0.852588,-0.739706,-0.682305,-0.393853,-0.228035,-0.017095,0.443219,0.369105,0.301114,0.243936,0.217203,0.183254,0.157261,0.121863,0.880889,0.880439,0.882429,0.881920,0.881533,0.880351,0.882282,0.881815,0.880943,0.880652,0.883308,0.882665,0.880431,0.880044
291.000000,39.205956,-0.130952,-1.206647,-1.100314,-0.980847,-0.854253,-0.741328,-0.683759,-0.394955,-0.229083,-0.017799,0.443154,0.369057,0.300776,0.243789,0.216813,0.182842,0.156859,0.121429,0.881818,0.881315,0.883249,0.882930,0.882349,0.881183,0.883262,0.882671,0.881901,0.881614,0.884228,0.883590,0.881398,0.880956
292.000000,39.205704,-0.130719,-1.207865,-1.100989,-0.981648,-0.854785,-0.741335,-0.683842,-0.393231,-0.228395,-0.017099,0.444661,0.370574,0.302136,0.244513,0.218064,0.184079,0.157945,0.122694,0.882630,0.881971,0.884091,0.883729,0.883131,0.881927,0.884204,0.883484,0.882811,0.882435,0.885121,0.884495,0.882233,0.881732
293.000000,39.206211,-0.131617,-1.208223,-1.101437,-0.982054,-0.855294,-0.742172,-0.684647,-0.394128,-0.229165,-0.018483,0.443624,0.369634,0.301347,0.243856,0.217113,0.183160,0.157192,0.121829,0.882415,0.881680,0.883837,0.883384,0.882910,0.881607,0.883847,0.883219,0.882418,0.881915,0.884848,0.884206,0.881878,0.881414
294.000000,39.206367,-0.132419,-1.208349,-1.101722,-0.982033,-0.855262,-0.742600,-0.684767,-0.394884,-0.229306,-0.018404,0.443505,0.369289,0.301103,0.244190,0.216820,0.182962,0.157166,0.121498,0.882701,0.881935,0.883974,0.883579,0.883225,0.881762,0.883951,0.883470,0.882533,0.882001,0.885114,0.884378,0.881961,0.881607
295.000000,39.207809,-0.132939,-1.209399,-1.102572,-0.982819,-0.855666,-0.743017,-0.685037,-0.393944,-0.229414,-0.017735,0.444213,0.369708,0.301522,0.244731,0.217147,0.183477,0.157591,0.121669,0.883383,0.882551,0.884712,0.884301,0.884033,0.882456,0.884564,0.884207,0.883179,0.882753,0.885805,0.885000,0.882578,0.882258
296.000000,39.207043,-0.132561,-1.208673,-1.101518,-0.982018,-0.854713,-0.741334,-0.683844,-0.391304,-0.227902,-0.016495,0.445574,0.371134,0.303068,0.245457,0.218638,0.184866,0.158903,0.123280,0.883043,0.882315,0.884448,0.883943,0.883773,0.882186,0.884256,0.883902,0.882833,0.882524,0.885575,0.884626,0.882316,0.881940
297.000000,39.206734,-0.133620,-1.209795,-1.102961,-0.983259,-0.856169,-0.742575,-0.685173,-0.392707,-0.228993,-0.018009,0.444802,0.370419,0.302363,0.244320,0.217910,0.183666,0.157915,0.122302,0.882699,0.882046,0.884069,0.883586,0.883313,0.881799,0.883980,0.883507,0.882686,0.882252,0.885354,0.884349,0.881967,0.881565
298.000000,39.206566,-0.133666,-1.211438,-1.104893,-0.985141,-0.857881,-0.744942,-0.687123,-0.394606,-0.230709,-0.019397,0.443625,0.369138,0.300849,0.243596,0.216462,0.182316,0.156384,0.120549,0.883490,0.882701,0.884796,0.884300,0.884056,0.882543,0.884749,0.884087,0.883463,0.882942,0.886122,0.884995,0.882688,0.882216
299.000000,39.206085,-0.132640,-1.211595,-1.104665,-0.985248,-0.857602,-0.744474,-0.686646,-0.394492,-0.229586,-0.018051,0.445071,0.370358,0.301984,0.244726,0.217618,0.183613,0.157492,0.121828,0.884032,0.883196,0.885404,0.884731,0.884664,0.883169,0.885380,0.884593,0.884080,0.883473,0.886656,0.885483,0.883338,0.882855
300.000000,39.206631,-0.133113,-1.212528,-1.105364,-0.985941,-0.858404,-0.744729,-0.686850,-0.394835,-0.229518,-0.017912,0.445756,0.371063,0.302648,0.244669,0.218233,0.183846,0.157910,0.122278,0.883878,0.883093,0.885324,0.884704,0.884443,0.883039,0.885280,0.884472,0.884072,0.883380,0.886513,0.885418,0.883331,0.882739
